<?xml version="1.0" encoding="UTF-8"?>
<config xmlns="http://www.knime.org/2008/09/XMLConfig" xmlns:xsi="http://www.w3.org/2001/XMLSchema-instance" xsi:schemaLocation="http://www.knime.org/2008/09/XMLConfig http://www.knime.org/XMLConfig_2008_09.xsd" key="viewRepresentation">
<entry key="tableID" type="xstring" value="1525fd4a-e54c-4acc-b88d-1a2c1f2fb9e0"/>
<config key="curveSettings">
<config key="Prediction (KStar)">
<config key="x_values">
<entry key="array-size" type="xint" value="3"/>
<entry key="0" type="xdouble" value="0.0"/>
<entry key="1" type="xdouble" value="0.13245033112582782"/>
<entry key="2" type="xdouble" value="1.0"/>
</config>
<config key="y_values">
<entry key="array-size" type="xint" value="3"/>
<entry key="0" type="xdouble" value="0.0"/>
<entry key="1" type="xdouble" value="0.7926829268292683"/>
<entry key="2" type="xdouble" value="1.0"/>
</config>
<entry key="name" type="xstring" value="Prediction (KStar)"/>
<entry key="area" type="xdouble" value="0.8301162978517203"/>
<entry key="max_points" type="xint" value="2000"/>
</config>
<config key="Prediction (Decision Tree Predictor)">
<config key="x_values">
<entry key="array-size" type="xint" value="4"/>
<entry key="0" type="xdouble" value="0.0"/>
<entry key="1" type="xdouble" value="0.09933774834437085"/>
<entry key="2" type="xdouble" value="0.12251655629139073"/>
<entry key="3" type="xdouble" value="1.0"/>
</config>
<config key="y_values">
<entry key="array-size" type="xint" value="4"/>
<entry key="0" type="xdouble" value="0.0"/>
<entry key="1" type="xdouble" value="0.851782363977486"/>
<entry key="2" type="xdouble" value="0.8621013133208255"/>
<entry key="3" type="xdouble" value="1.0"/>
</config>
<entry key="name" type="xstring" value="Prediction (Decision Tree Predictor)"/>
<entry key="area" type="xdouble" value="0.8791514978318402"/>
<entry key="max_points" type="xint" value="2000"/>
</config>
<config key="Prediction (Naive Bayes Predictor)">
<config key="x_values">
<entry key="array-size" type="xint" value="3"/>
<entry key="0" type="xdouble" value="0.0"/>
<entry key="1" type="xdouble" value="0.2803532008830022"/>
<entry key="2" type="xdouble" value="1.0"/>
</config>
<config key="y_values">
<entry key="array-size" type="xint" value="3"/>
<entry key="0" type="xdouble" value="0.0"/>
<entry key="1" type="xdouble" value="0.5412757973733584"/>
<entry key="2" type="xdouble" value="1.0"/>
</config>
<entry key="name" type="xstring" value="Prediction (Naive Bayes Predictor)"/>
<entry key="area" type="xdouble" value="0.630461298245178"/>
<entry key="max_points" type="xint" value="2000"/>
</config>
<config key="Prediction (Gradient Boosted Trees Predictor)">
<config key="x_values">
<entry key="array-size" type="xint" value="3"/>
<entry key="0" type="xdouble" value="0.0"/>
<entry key="1" type="xdouble" value="0.06291390728476821"/>
<entry key="2" type="xdouble" value="1.0"/>
</config>
<config key="y_values">
<entry key="array-size" type="xint" value="3"/>
<entry key="0" type="xdouble" value="0.0"/>
<entry key="1" type="xdouble" value="0.8855534709193246"/>
<entry key="2" type="xdouble" value="1.0"/>
</config>
<entry key="name" type="xstring" value="Prediction (Gradient Boosted Trees Predictor)"/>
<entry key="area" type="xdouble" value="0.9113197818172782"/>
<entry key="max_points" type="xint" value="2000"/>
</config>
<config key="Prediction (IB1)">
<config key="x_values">
<entry key="array-size" type="xint" value="3"/>
<entry key="0" type="xdouble" value="0.0"/>
<entry key="1" type="xdouble" value="0.2229580573951435"/>
<entry key="2" type="xdouble" value="1.0"/>
</config>
<config key="y_values">
<entry key="array-size" type="xint" value="3"/>
<entry key="0" type="xdouble" value="0.0"/>
<entry key="1" type="xdouble" value="0.7626641651031895"/>
<entry key="2" type="xdouble" value="1.0"/>
</config>
<entry key="name" type="xstring" value="Prediction (IB1)"/>
<entry key="area" type="xdouble" value="0.7698530538540229"/>
<entry key="max_points" type="xint" value="2000"/>
</config>
</config>
<entry key="enableStaggeredRendering" type="xboolean" value="true"/>
<entry key="resizeToWindow" type="xboolean" value="true"/>
<entry key="displayFullscreenButton" type="xboolean" value="true"/>
<entry key="dataAreaColor" type="xstring" value="rgba(230,230,230,1.0)"/>
<entry key="backgroundColor" type="xstring" value="rgba(255,255,255,1.0)"/>
<entry key="gridColor" type="xstring" value="rgba(255,255,255,1.0)"/>
<entry key="lineWidth" type="xint" value="2"/>
<entry key="imageWidth" type="xint" value="800"/>
<entry key="imageHeight" type="xint" value="600"/>
<entry key="showGrid" type="xboolean" value="true"/>
<entry key="showArea" type="xboolean" value="true"/>
<config key="colors"/>
<entry key="showLegend" type="xboolean" value="true"/>
<entry key="enableControls" type="xboolean" value="true"/>
<entry key="enableEditTitle" type="xboolean" value="true"/>
<entry key="enableEditSubtitle" type="xboolean" value="true"/>
<entry key="enableEditXAxisLabel" type="xboolean" value="true"/>
<entry key="enableEditYAxisLabel" type="xboolean" value="true"/>
<entry key="showWarningInView" type="xboolean" value="true"/>
<entry key="hasWarnings" type="xboolean" value="false"/>
<entry key="ignoreMissingValues" type="xboolean" value="false"/>
</config>
