
{
    "version": "4.3.0.v202012022156",
    "created": "2020-12-22 13:43",
    "nodestats": {
        "nodes": [
            {
                "id": "org.knime.base.node.io.filereader.FileReaderNodeFactory#File Reader",
                "nrexecs": 18,
                "nrfails": 0,
                "exectime": 578,
                "nrcreated": 1,
                "successor": "org.knime.base.node.preproc.filter.column.DataColumnSpecFilterNodeFactory#Column Filter"
            },
            {
                "id": "org.knime.base.node.preproc.normalize3.Normalizer3NodeFactory#Normalizer",
                "nrexecs": 38,
                "nrfails": 0,
                "exectime": 502,
                "nrcreated": 1,
                "successor": "org.knime.base.node.preproc.joiner.Joiner2NodeFactory#Joiner"
            },
            {
                "id": "org.knime.base.node.mine.cluster.kmeans.ClusterNodeFactory2#k-Means",
                "nrexecs": 51,
                "nrfails": 3,
                "exectime": 1027,
                "nrcreated": 2,
                "successor": "org.knime.base.node.mine.cluster.assign.ClusterAssignerNodeFactory#Cluster Assigner"
            },
            {
                "id": "org.knime.base.node.viz.property.color.ColorManager2NodeFactory#Color Manager",
                "nrexecs": 97,
                "nrfails": 0,
                "exectime": 67,
                "nrcreated": 1,
                "successor": "org.knime.base.node.preproc.filter.column.DataColumnSpecFilterNodeFactory#Column Filter"
            },
            {
                "id": "org.knime.base.node.viz.table.TableNodeFactory#Interactive Table (local)",
                "nrexecs": 110,
                "nrfails": 0,
                "exectime": 76,
                "nrcreated": 1,
                "successor": "n/a"
            },
            {
                "id": "org.knime.base.node.viz.plotter.scatter.ScatterPlotterNodeFactory#Scatter Plot (local)",
                "nrexecs": 120,
                "nrfails": 0,
                "exectime": 174,
                "nrcreated": 1,
                "successor": "n/a"
            },
            {
                "id": "org.knime.base.node.preproc.filter.column.DataColumnSpecFilterNodeFactory#Column Filter",
                "nrexecs": 113,
                "nrfails": 0,
                "exectime": 37,
                "nrcreated": 2,
                "successor": "org.knime.base.node.preproc.joiner.Joiner2NodeFactory#Joiner"
            },
            {
                "id": "org.knime.base.node.preproc.joiner.Joiner2NodeFactory#Joiner",
                "nrexecs": 108,
                "nrfails": 0,
                "exectime": 1104,
                "nrcreated": 1,
                "successor": "org.knime.base.node.preproc.colconvert.numbertostring2.NumberToString2NodeFactory#Number To String"
            },
            {
                "id": "org.knime.base.node.mine.cluster.hierarchical.HierarchicalClusterNodeFactory#Hierarchical Clustering",
                "nrexecs": 36,
                "nrfails": 0,
                "exectime": 3503,
                "nrcreated": 1,
                "successor": "n/a"
            },
            {
                "id": "org.knime.base.node.preproc.partition.PartitionNodeFactory#Partitioning",
                "nrexecs": 46,
                "nrfails": 0,
                "exectime": 335,
                "nrcreated": 1,
                "successor": "org.knime.base.node.mine.dbscan.DBSCANNodeFactory#DBSCAN"
            },
            {
                "id": "org.knime.base.node.mine.cluster.assign.ClusterAssignerNodeFactory#Cluster Assigner",
                "nrexecs": 49,
                "nrfails": 0,
                "exectime": 1554,
                "nrcreated": 1,
                "successor": "org.knime.base.node.preproc.stringreplacer.StringReplacerNodeFactory#String Replacer"
            },
            {
                "id": "org.knime.base.node.preproc.stringreplacer.StringReplacerNodeFactory#String Replacer",
                "nrexecs": 184,
                "nrfails": 0,
                "exectime": 389,
                "nrcreated": 1,
                "successor": "org.knime.base.node.preproc.stringreplacer.StringReplacerNodeFactory#String Replacer"
            },
            {
                "id": "org.knime.base.node.mine.scorer.accuracy.AccuracyScorer2NodeFactory#Scorer",
                "nrexecs": 59,
                "nrfails": 0,
                "exectime": 131,
                "nrcreated": 1,
                "successor": "n/a"
            },
            {
                "id": "org.knime.base.node.stats.outlier.handler.NumericOutliersNodeFactory#Numeric Outliers",
                "nrexecs": 15,
                "nrfails": 0,
                "exectime": 353,
                "nrcreated": 1,
                "successor": "org.knime.base.node.mine.cluster.assign.ClusterAssignerNodeFactory#Cluster Assigner"
            },
            {
                "id": "org.knime.distmatrix.kmedoids.KMedoidsNodeFactory#k-Medoids",
                "nrexecs": 2,
                "nrfails": 0,
                "exectime": 251,
                "nrcreated": 1,
                "successor": "org.knime.base.node.viz.property.color.ColorManager2NodeFactory#Color Manager"
            },
            {
                "id": "org.knime.distmatrix.calculate2.DistanceMatrixCalculate2NodeFactory#Distance Matrix Calculate",
                "nrexecs": 3,
                "nrfails": 0,
                "exectime": 113,
                "nrcreated": 1,
                "successor": "org.knime.distmatrix.kmedoids.KMedoidsNodeFactory#k-Medoids"
            },
            {
                "id": "org.knime.base.node.preproc.pmml.missingval.compute.MissingValueHandlerNodeFactory#Missing Value",
                "nrexecs": 3,
                "nrfails": 0,
                "exectime": 432,
                "nrcreated": 1,
                "successor": "org.knime.base.node.preproc.lowvarfilter2.LowVarFilter2NodeFactory#Low Variance Filter"
            },
            {
                "id": "org.knime.base.node.meta.feature.selection.FeatureSelectionLoopStartNodeFactory#Feature Selection Loop Start (1:1)",
                "nrexecs": 1,
                "nrfails": 0,
                "exectime": 4,
                "nrcreated": 0,
                "successor": "n/a"
            },
            {
                "id": "org.knime.base.node.preproc.lowvarfilter2.LowVarFilter2NodeFactory#Low Variance Filter",
                "nrexecs": 21,
                "nrfails": 0,
                "exectime": 342,
                "nrcreated": 1,
                "successor": "org.knime.base.node.preproc.normalize3.Normalizer3NodeFactory#Normalizer"
            },
            {
                "id": "org.knime.base.node.preproc.colconvert.numbertostring2.NumberToString2NodeFactory#Number To String",
                "nrexecs": 52,
                "nrfails": 0,
                "exectime": 131,
                "nrcreated": 2,
                "successor": "org.knime.base.node.preproc.stringreplacer.StringReplacerNodeFactory#String Replacer"
            },
            {
                "id": "org.knime.base.node.mine.dbscan.DBSCANNodeFactory#DBSCAN",
                "nrexecs": 39,
                "nrfails": 0,
                "exectime": 908,
                "nrcreated": 1,
                "successor": "org.knime.base.node.viz.property.color.ColorManager2NodeFactory#Color Manager"
            },
            {
                "id": "org.knime.distance.measure.numerical.NumericalDistanceNodeFactory#Numeric Distances",
                "nrexecs": 9,
                "nrfails": 0,
                "exectime": 13,
                "nrcreated": 1,
                "successor": "org.knime.base.node.mine.dbscan.DBSCANNodeFactory#DBSCAN"
            }
        ],
        "metaNodes": {
        },
        "wrappedNodes": {
        }
    },
    "uptime": 17302555,
    "workflowsOpened": 1,
    "remoteWorkflowsOpened": 0,
    "workflowsImported": 0,
    "workflowsExported": 0,
    "launches": 6,
    "lastApplicationID": "org.knime.product.KNIME_APPLICATION",
    "timeSinceLastStart": 3347181,
    "crashes": 0,
    "properlyShutDown": true
}