<?xml version="1.0" encoding="UTF-8"?>
<config xmlns="http://www.knime.org/2008/09/XMLConfig" xmlns:xsi="http://www.w3.org/2001/XMLSchema-instance" xsi:schemaLocation="http://www.knime.org/2008/09/XMLConfig http://www.knime.org/XMLConfig_2008_09.xsd" key="MiningSchema">
<config key="learning">
<entry key="array-size" type="xint" value="23"/>
<entry key="0" type="xstring" value="MONTH"/>
<entry key="1" type="xstring" value="WKDY_I"/>
<entry key="2" type="xstring" value="HOUR_I"/>
<entry key="3" type="xstring" value="VEH_INVL"/>
<entry key="4" type="xstring" value="NON_INVL"/>
<entry key="5" type="xstring" value="LAND_USE"/>
<entry key="6" type="xstring" value="MANCOL_I"/>
<entry key="7" type="xstring" value="INT_HWY"/>
<entry key="8" type="xstring" value="REL_JCT"/>
<entry key="9" type="xstring" value="REL_RWY"/>
<entry key="10" type="xstring" value="TRAF_WAY"/>
<entry key="11" type="xstring" value="NUM_LAN"/>
<entry key="12" type="xstring" value="ALIGN_I"/>
<entry key="13" type="xstring" value="PROFIL_I"/>
<entry key="14" type="xstring" value="SURCON_I"/>
<entry key="15" type="xstring" value="TRFCON_I"/>
<entry key="16" type="xstring" value="SPDLIM_H"/>
<entry key="17" type="xstring" value="LGTCON_I"/>
<entry key="18" type="xstring" value="WEATHR_I"/>
<entry key="19" type="xstring" value="SCHL_BUS"/>
<entry key="20" type="xstring" value="ALCHL_I"/>
<entry key="21" type="xstring" value="REGION"/>
<entry key="22" type="xstring" value="WRK_ZONE"/>
</config>
<config key="target">
<entry key="array-size" type="xint" value="1"/>
<entry key="0" type="xstring" value="PREDICT"/>
</config>
</config>
