"edad";"educ";"empleo";"direccion";"ingresos";"deudaingr";"deudacred";"deudaotro";"impago";"morapred1";"morapred2";"morapred3"
41;3;17;12;176;9.3;11.359392;5.008608;1;0.808394327359702;0.788640431821437;0.213043376128119
27;1;10;6;31;17.3;1.362202;4.000798;0;0.198297476159104;0.128445387038174;0.436903005506046
40;1;15;14;55;5.5;0.856075;2.168925;0;0.0100361080990023;0.00298677834821412;0.141022623460993
41;1;15;14;120;2.9;2.65872;0.82128;0;0.0221382837594812;0.0102732648580009;0.104422211934525
24;2;2;0;28;17.3;1.787436;3.056564;1;0.781588314152869;0.737884820480045;0.436903005506046
41;2;5;5;25;10.2;0.3927;2.1573;0;0.216708941468906;0.328194657083002;0.233577086224484
39;1;20;9;67;30.6;3.833874;16.668126;0;0.18596010843841;0.179255712952496;0.817091719095171
43;1;12;11;38;3.6;0.128592;1.239408;0;0.014708653491152;0.010572667741295;0.113357560419516
24;1;3;4;19;24.4;1.358348;3.277652;1;0.748041203606411;0.619443452160334;0.663903973464324
36;1;0;13;25;19.7;2.7777;2.1473;0;0.815057013081852;0.79722745061275;0.515530082740544
27;1;0;1;16;1.7;0.182512;0.089488;0;0.350309226043236;0.610511356012177;0.0905475842743514
25;1;4;0;23;5.2;0.252356;0.943644;0;0.239053902326814;0.219023649798498;0.136307035904262
52;1;24;14;64;10.0;3.9296;2.4704;0;0.00979017347264589;0.00628468428836779;0.228897785847298
37;1;6;9;29;16.3;1.715901;3.011099;0;0.364494047547502;0.340467555901854;0.4048353225734
48;1;22;15;100;9.1;3.7037;5.3963;0;0.0118739038464262;0.00771406996447905;0.208663437695647
36;2;9;6;49;8.6;0.817516;3.396484;1;0.0967040778565908;0.113839681770466;0.198005125485801
36;2;13;6;41;16.4;2.918216;3.805784;1;0.212050390551138;0.175024767261369;0.408010484205201
43;1;23;19;72;7.6;1.181952;4.290048;0;0.00140487060255445;5.63999860427421E-4;0.17793130940947
39;1;6;9;61;5.7;0.563274;2.913726;0;0.104145390281715;0.092729658950997;0.144241548322777
41;3;0;21;26;1.7;0.099008;0.342992;0;0.0919180135014027;0.0869105909754819;0.0905475842743514
39;1;22;3;52;3.2;1.154816;0.509184;0;0.0043735364616344;0.00164474095768356;0.108172886416567
47;1;17;21;43;5.6;0.587552;1.820448;0;0.00304735236249091;0.00201376135654785;0.142624515618002
28;1;3;6;26;10.0;0.4316;2.1684;0;0.293932179671944;0.236041924669508;0.228897785847298
29;1;8;6;27;9.8;0.402192;2.243808;0;0.106799619753194;0.204130576692517;0.224284794561537
21;2;1;2;16;18.0;0.24192;2.63808;1;0.629777455306767;0.620461226408894;0.459685523765733
25;4;0;2;32;17.6;2.14016;3.49184;0;0.861313401393958;0.773743765928539;0.446640081169066
45;2;9;26;69;6.7;0.707319;3.915681;0;0.0164611579900324;0.01520071605721;0.161260140498931
43;1;25;21;64;16.7;0.951232;9.736768;0;0.00143799346726798;6.41927515098064E-4;0.417581158840994
33;2;12;8;58;18.4;3.084208;7.587792;0;0.276706675474106;0.219532599900222;0.472786447367334
26;3;2;1;37;14.2;0.204906;5.049094;0;0.50332186742386;0.479453765995919;0.340345791526492
45;1;3;15;20;2.1;0.105;0.315;0;0.0764195852261632;0.0529185951936342;0.0949774523057643
30;1;1;10;22;10.5;1.13883;1.17117;0;0.433699425118601;0.405229108934149;0.240719879471011
27;3;2;7;26;6.0;0.72228;0.83772;0;0.288738875933443;0.233062013435398;0.149184219573304
25;1;8;4;27;14.4;1.018656;2.869344;0;0.231100684278883;0.177802520204962;0.346280273672069
25;1;8;1;35;2.9;0.07714;0.93786;0;0.0749571955933729;0.0480042726553067;0.104422211934525
26;2;6;7;45;26.0;6.0489;5.6511;0;0.950053516816289;0.946420103718697;0.709164136909414
30;2;10;4;22;16.1;1.409716;2.132284;0;0.211956403647939;0.25417611027888;0.398509074529238
32;2;12;1;54;14.4;3.195936;4.580064;0;0.335996915257273;0.417417714105591;0.346280273672069
28;2;1;8;24;17.1;1.337904;2.766096;1;0.643903295283559;0.659599885195508;0.430438062072136
45;1;23;5;50;4.2;0.5586;1.5414;0;0.00226875357862989;0.0014604870209812;0.121540265102462
23;1;7;2;31;6.6;0.33759;1.70841;0;0.132878207080903;0.097419360235256;0.159487876633662
34;1;17;3;59;8.0;1.80776;2.91224;0;0.0317685432338983;0.0622616484352908;0.185763039434584
42;2;7;23;41;4.6;0.941114;0.944886;0;0.0319034793260759;0.0307905348504762;0.127274196819662
39;1;19;5;48;13.1;1.930416;4.357584;0;0.0280793313767151;0.0102963057292182;0.308629906178795
26;1;0;0;14;7.5;0.3024;0.7476;1;0.511049960032338;0.749382132397176;0.176014277117858
21;2;0;1;16;6.8;0.150144;0.937856;0;0.453616874344579;0.376452011382485;0.163048277810623
35;1;13;15;35;4.5;0.43155;1.14345;0;0.0107818887723767;0.00703764487094369;0.125819411565012
47;1;4;2;26;10.4;0.12168;2.58232;0;0.281657372501201;0.363860690914129;0.23832247968374
23;2;0;2;21;11.4;0.775656;1.618344;1;0.621784769760648;0.63595566508835;0.263029539285341
35;1;18;2;42;7.4;0.205128;2.902872;0;0.0104607182588521;0.00432423778400214;0.1741135244113
34;1;2;11;25;12.6;0.5733;2.5767;1;0.325347335549973;0.290873401728726;0.294767428627967
46;1;1;12;20;14.0;0.8092;1.9908;0;0.423307925716517;0.324986168800171;0.33446097880431
46;1;16;18;52;12.9;3.032016;3.675984;1;0.0370021170333805;0.0826923106735091;0.303041555782365
38;3;3;18;25;3.7;0.311725;0.613275;0;0.0775524717061438;0.108528532516922;0.114687159414884
40;2;3;2;28;9.5;0.55328;2.10672;0;0.371499067550188;0.447742551950545;0.217489983603156
37;1;1;3;24;15.1;1.801128;1.822872;1;0.747904441289944;0.63133850441931;0.367420656592906
35;1;9;1;34;5.0;0.3978;1.3022;0;0.0842138549382499;0.0910494859358238;0.133237610593936
39;2;16;13;69;2.4;1.061496;0.594504;0;0.0073276033979216;0.00710451814283915;0.0984261698495888
40;3;18;6;100;2.5;1.485;1.015;0;0.0102139314545583;0.00611630338139489;0.0996003083989934
50;3;10;20;80;12.2;2.47904;7.28096;0;0.0874943892325751;0.149857043303797;0.283942686237709
31;1;9;10;28;2.4;0.047712;0.624288;0;0.0279843707139338;0.0205429025701935;0.0984261698495888
29;1;13;1;42;7.4;1.457652;1.650348;1;0.0732583522246898;0.0556601759400172;0.1741135244113
37;1;4;0;23;12.4;0.86986;1.98214;0;0.457968087271607;0.461772013970883;0.289325043862157
33;2;4;9;55;7.0;2.15985;1.69015;0;0.345876955756017;0.356814445049778;0.166672400022865
26;2;5;7;28;7.8;1.024296;1.159704;0;0.214606863532908;0.234923122365093;0.181814378077261
32;2;11;6;75;23.3;7.7589;9.7161;1;0.927930676640709;0.950097301250358;0.630872534500338
28;2;2;3;23;6.4;0.186944;1.285056;1;0.299857848008327;0.339121772255982;0.155990731712526
39;1;19;8;46;9.1;2.515786;1.670214;0;0.0217611569608649;0.0117291941549948;0.208663437695647
28;2;8;3;31;8.2;1.492154;1.049846;1;0.198324331672084;0.193518470166702;0.189777566816889
29;1;1;2;20;18.6;0.56916;3.15084;1;0.683895029117709;0.666638379495109;0.479352131210508
34;2;3;8;21;23.1;1.401939;3.449061;0;0.66227335023999;0.716648389999867;0.62472170332041
28;2;5;9;34;23.8;3.099236;4.992764;0;0.757924601437733;0.793200728699453;0.646061231863975
47;1;26;21;100;12.8;4.5824;8.2176;0;0.00637324699942851;0.0107388222009277;0.300268933495266
43;4;1;5;26;10.6;1.518556;1.237444;0;0.590458991966751;0.623037420788512;0.243133697635996
41;1;13;10;44;1.7;0.07106;0.67694;0;0.010287079798852;0.00652923748666968;0.0905475842743514
47;1;13;25;51;23.8;3.738504;8.399496;0;0.150194267894202;0.123296529750541;0.646061231863975
24;1;2;1;21;0.6;0.025074;0.100926;0;0.215822125271502;0.195944565085147;0.0793109640077818
29;1;1;9;17;6.7;0.157182;0.981818;0;0.252858729984801;0.175985098815376;0.161260140498931
33;1;14;2;37;2.6;0.199134;0.762866;0;0.0178746706784111;0.0389362348983701;0.100786887619104
36;1;15;10;39;3.2;0.6864;0.5616;0;0.0102849670856949;0.00297656390735223;0.108172886416567
26;1;4;3;27;10.5;2.47212;0.36288;1;0.583734684574949;0.444059375579108;0.240719879471011
31;1;11;12;45;17.0;2.7387;4.9113;0;0.203463001175819;0.128282068426122;0.427214320753891
37;1;7;3;32;19.6;2.69696;3.57504;0;0.632367844833177;0.513087736221153;0.512242205469548
35;4;4;16;29;11.0;1.84382;1.34618;0;0.262319209983873;0.301699865504093;0.25295226288355
26;1;4;3;20;5.4;0.3186;0.7614;0;0.206525269421241;0.15847133977337;0.139435797002348
40;1;10;15;45;18.8;2.01348;6.44652;0;0.164846926207969;0.340958979649143;0.485924955715624
29;2;5;4;36;12.4;3.490848;0.973152;1;0.68259345252201;0.740911846988342;0.289325043862157
37;3;5;17;29;24.6;1.405398;5.728602;0;0.399252159769595;0.491251255193951;0.669752092382178
32;1;12;12;28;2.9;0.116116;0.695884;0;0.0126835815307447;0.00707101849078443;0.104422211934525
23;2;0;1;17;27.7;2.043706;2.665294;1;0.939557229779058;0.954148797173829;0.753074405700566
32;1;3;10;23;6.2;0.052762;1.373238;0;0.147564685890887;0.10081811056697;0.15255635158718
25;1;1;6;15;11.4;0.37107;1.33893;1;0.425001073244948;0.340615417991901;0.263029539285341
38;1;5;5;54;10.6;1.499688;4.224312;0;0.350841940701269;0.64497907151034;0.243133697635996
32;2;0;6;18;5.8;0.296496;0.747504;1;0.355098571476067;0.431805122321791;0.14587379519876
41;3;2;0;15;26.3;1.960665;1.984335;1;0.897394641980317;0.959274266761121;0.717240209782889
36;1;17;6;54;4.4;0.727056;1.648944;0;0.00997417097263277;0.00509957479689125;0.124378885097109
42;3;13;0;82;3.3;1.315116;1.390884;0;0.0521534174508759;0.0509284692896457;0.109449179895879
41;1;14;8;52;7.3;0.926224;2.869776;0;0.025029966189553;0.0624939247770416;0.172229007335537
29;2;4;9;19;6.3;0.681093;0.515907;0;0.175617818886076;0.211581442461379;0.154265727768891
38;3;4;6;31;9.3;1.331946;1.551054;1;0.339650908420632;0.50079852371426;0.213043376128119
39;1;22;9;113;2.6;0.987168;1.950832;0;0.00231900564293606;9.80994888852581E-4;0.100786887619104
36;1;6;9;26;8.3;0.030212;2.127788;0;0.0972693166563266;0.0522477247080192;0.191809605554132
33;1;8;7;27;5.8;0.776736;0.789264;0;0.0875793909394589;0.0559538028314983;0.14587379519876
42;2;21;11;121;3.1;1.365364;2.385636;0;0.00325809535391432;0.00152357669198953;0.106909689191686
41;2;22;17;75;23.6;9.8766;7.8234;0;0.557979950059622;0.518698250477894;0.640019076249957
40;1;8;17;28;3.6;0.53424;0.47376;0;0.0296226281420844;0.018402997954554;0.113357560419516
53;1;9;18;50;11.2;2.016;3.584;1;0.0916945146343532;0.277142433668934;0.257958800003834
28;1;4;7;26;13.5;1.29519;2.21481;0;0.402168635202623;0.279558830343841;0.319975239349056
36;2;12;13;60;7.9;1.72062;3.01938;0;0.0441411890388896;0.02737656340825;0.183780491732131
34;2;9;13;45;10.1;1.11807;3.42693;0;0.0759636639813746;0.0705385306154378;0.231229159681675
45;3;2;5;39;4.9;0.45864;1.45236;0;0.271468569657142;0.505466958064721;0.131724949891918
38;1;6;0;41;8.9;0.266377;3.382623;0;0.212746462883083;0.276915319730515;0.204350163433237
21;3;0;2;24;7.7;0.833448;1.014552;0;0.550739475836411;0.604540493326661;0.179864663152346
42;1;12;11;51;21.4;2.411994;8.502006;0;0.209992445779654;0.208271904700901;0.570989483667463
52;1;16;25;64;8.6;1.865856;3.638144;0;0.00757311858225359;0.00459130223039786;0.198005125485801
25;2;4;6;33;5.2;0.552552;1.163448;0;0.186436296377201;0.168707793762057;0.136307035904262
34;2;9;9;65;6.2;2.10769;1.92231;0;0.124476665523011;0.0843835744458823;0.15255635158718
40;2;15;16;73;3.4;1.032512;1.449488;0;0.00785879782889407;0.00597378562937432;0.110738662082415
31;2;0;4;27;12.8;1.08864;2.36736;1;0.65419989742066;0.65026091904429;0.300268933495266
25;1;1;0;20;6.7;0.47168;0.86832;1;0.457103921211109;0.451129715395582;0.161260140498931
45;1;12;19;37;9.5;1.34273;2.17227;0;0.0256308494204531;0.0164447691927515;0.217489983603156
23;1;3;0;19;8.4;0.2793;1.3167;1;0.350376773755335;0.280223940433409;0.193858196359287
34;4;6;3;27;35.3;1.982448;7.548552;1;0.853379627730542;0.801968753892446;0.892387804215323
31;1;2;4;22;12.7;1.092454;1.701546;1;0.536364361443418;0.380803460866959;0.297510850128549
28;1;5;9;22;2.8;0.140448;0.475552;0;0.0825916726080969;0.026850152192971;0.103197745324591
41;1;7;11;43;4.4;0.694364;1.197636;0;0.0693503634266374;0.0310097271202971;0.124378885097109
39;2;7;2;68;13.0;1.0166;7.8234;1;0.284597621649181;0.328969293496989;0.30582859021282
29;2;9;3;36;1.4;0.127008;0.376992;0;0.0464490243630466;0.0318417122753802;0.0873481762044001
21;1;5;1;25;9.0;0.36675;1.88325;0;0.253362895304758;0.0898022187757773;0.206498469635316
41;2;19;2;68;5.8;1.506608;2.437392;0;0.0149542692006454;0.0166076271776992;0.14587379519876
26;4;1;7;27;2.9;0.311634;0.471366;0;0.23724479296094;0.270131069225841;0.104422211934525
33;1;5;10;18;12.9;0.984528;1.337472;0;0.247174208492091;0.127883763751804;0.303041555782365
45;2;18;19;35;17.4;0.5481;5.5419;0;0.00775526787439888;0.0100335741247967;0.440143677259624
39;1;17;20;60;13.7;2.44956;5.77044;0;0.0193163491321548;0.0122044669242966;0.325729918501149
24;1;7;2;21;6.3;0.519939;0.803061;0;0.142126298618427;0.249342058739052;0.154265727768891
29;2;6;7;57;2.2;0.452694;0.801306;0;0.0861328420699012;0.0742104868346849;0.0961148365238271
27;2;1;0;23;12.4;0.2852;2.5668;0;0.555831124834674;0.620352160789921;0.289325043862157
40;1;13;2;28;5.9;0.964768;0.687232;0;0.0459242586967559;0.0449947798730919;0.147521328601
29;1;8;10;24;6.7;0.469536;1.138464;0;0.0639314704741976;0.0388865740476837;0.161260140498931
29;2;4;3;37;6.6;1.15995;1.28205;1;0.319083472943685;0.270478424694984;0.159487876633662
24;1;0;2;16;16.0;1.00864;1.55136;1;0.738204317983864;0.872485064829212;0.395358472460017
27;1;9;6;45;17.8;2.85156;5.15844;1;0.436141029360044;0.362589321826631;0.453154759589524
41;3;16;22;135;4.4;1.2771;4.6629;0;0.00477351354805055;0.00337803602576242;0.124378885097109
31;1;11;8;25;9.1;0.14105;2.13395;0;0.0382150216088275;0.0204679755260333;0.208663437695647
41;1;16;17;68;5.4;0.447984;3.224016;0;0.00486662711959851;0.00324634968595439;0.139435797002348
42;2;5;3;41;3.4;0.35547;1.03853;0;0.148805103372266;0.238975415053135;0.110738662082415
28;4;1;3;26;12.4;0.377208;2.846792;0;0.508310142435968;0.415349744440269;0.289325043862157
30;4;2;8;25;10.0;1.77;0.73;0;0.492661934905666;0.368159110647319;0.228897785847298
30;1;11;1;33;8.4;0.681912;2.090088;0;0.0825103558654697;0.0716238012640964;0.193858196359287
31;1;8;4;44;8.0;1.72128;1.79872;0;0.203524429513443;0.0808613551551191;0.185763039434584
45;2;15;14;51;18.1;1.550808;7.680192;0;0.043887781049779;0.0412249737943856;0.462956247932683
43;1;13;23;76;6.1;2.151104;2.484896;1;0.0172510088719807;0.0291091265014181;0.150862537804978
36;1;4;10;23;16.3;1.327146;2.421854;0;0.407401837725852;0.41964222147585;0.4048353225734
28;1;8;6;30;7.2;0.61344;1.54656;0;0.0968867686051043;0.0312928007201404;0.170360679895587
27;2;3;5;33;13.2;1.6335;2.7225;0;0.543892441586427;0.613720599895093;0.311445369244008
36;3;13;3;39;19.2;2.800512;4.687488;0;0.29128083419752;0.397056945175927;0.499082945440632
33;1;12;11;32;11.3;2.104512;1.511488;0;0.0837348837574302;0.0426626269932088;0.260486177232655
54;1;9;2;28;14.8;1.558144;2.585856;1;0.281348716704596;0.480565148130036;0.358292388188577
33;1;9;4;29;13.8;1.348674;2.653326;1;0.212727096508004;0.0944371904954511;0.328627227393458
31;1;9;5;26;4.5;0.31005;0.85995;0;0.0570105234287403;0.0345122749219752;0.125819411565012
21;1;4;0;26;8.9;1.420796;0.893204;0;0.459644699231022;0.386675591616441;0.204350163433237
28;3;5;9;44;8.7;0.773256;3.054744;0;0.178833144380032;0.201825905847842;0.200103503133251
31;2;2;1;26;6.8;0.28288;1.48512;1;0.3554412263492;0.3568756502985;0.163048277810623
32;1;8;6;26;4.1;0.326196;0.739804;0;0.0647353761992979;0.0487580315877201;0.120141998018177
35;2;1;8;24;12.5;0.591;2.409;1;0.439878611626234;0.588297664013912;0.292038788109412
40;2;13;11;102;18.9;6.226794;13.051206;1;0.598120042817558;0.719033125749642;0.489213337068893
22;1;4;2;24;15.6;1.636128;2.107872;1;0.596404719544991;0.52304846496192;0.382845066123689
39;1;4;9;38;6.5;1.17819;1.29181;0;0.223769139547549;0.219400230332066;0.157731427249199
41;4;14;3;44;1.7;0.353056;0.394944;0;0.0166456166795285;0.0256759170254165;0.0905475842743514
34;1;16;9;79;4.0;1.73484;1.42516;0;0.0170113165021451;0.00393592886954769;0.118757642677076
29;1;7;9;22;9.7;0.550572;1.583428;0;0.114173673584689;0.0375503691597845;0.222003218251334
31;1;4;10;28;11.3;0.291088;2.872912;0;0.196279988997979;0.0955782292865894;0.260486177232655
32;1;1;0;20;4.8;0.31488;0.64512;1;0.394231456263152;0.415474552004307;0.130226882366666
32;1;14;7;73;8.8;3.751616;2.672384;0;0.138268880243197;0.0932881676414942;0.202218511407737
33;1;6;14;21;7.5;0.567;1.008;0;0.0833862441416633;0.16162071303503;0.176014277117858
26;1;6;0;22;10.3;0.720588;1.545412;0;0.284018712020131;0.123215218144166;0.235941536859481
21;1;1;1;18;17.3;0.158814;2.955186;0;0.623187919016875;0.353435211106944;0.436903005506046
28;2;7;2;34;7.0;0.35938;2.02062;0;0.138482165854643;0.17603115352132;0.166672400022865
37;1;13;5;24;8.9;0.602352;1.533648;0;0.038407057423822;0.02645854209627;0.204350163433237
33;2;2;14;35;22.9;2.123975;5.891025;1;0.695220116542206;0.768448717369076;0.618530353850153
39;1;12;10;46;5.0;0.5612;1.7388;0;0.0229370163278594;0.0202204809028661;0.133237610593936
40;2;8;19;57;5.6;0.8778;2.3142;0;0.0363250994271934;0.0245346024557083;0.142624515618002
45;3;16;21;80;3.0;0.912;1.488;0;0.00371587951429604;0.00210210079509983;0.105659495410671
27;1;10;6;34;6.5;0.85085;1.35915;0;0.0664061262746864;0.113108068083484;0.157731427249199
28;4;0;7;29;24.2;1.424654;5.593346;0;0.83098020126632;0.763616877058708;0.658005175251214
39;1;13;9;27;8.0;0.96552;1.19448;0;0.0317783049105781;0.075876880333692;0.185763039434584
40;1;14;21;43;15.0;2.79285;3.65715;1;0.0488323055788279;0.0285409782269161;0.364366949296657
27;1;11;8;56;16.9;4.63736;4.82664;0;0.509822396664682;0.399015239643717;0.423996750019665
36;1;1;4;16;9.3;0.433008;1.054992;0;0.428088338040939;0.292462180677057;0.213043376128119
55;1;19;2;78;15.6;4.404816;7.763184;0;0.159492261396624;0.235432127529823;0.382845066123689
27;2;4;3;22;13.2;1.086096;1.817904;1;0.445777635521161;0.464658154337711;0.311445369244008
30;1;1;8;17;11.0;0.74613;1.12387;0;0.429187870348339;0.375867605027667;0.25295226288355
36;1;10;0;28;11.2;0.81536;2.32064;1;0.146632349412748;0.123669593435053;0.257958800003834
31;1;1;6;21;2.5;0.2772;0.2478;1;0.242020037814469;0.189231246302661;0.0996003083989934
33;2;13;2;40;7.2;0.18144;2.69856;0;0.033315528306743;0.0356810287138646;0.170360679895587
30;1;4;0;33;4.2;0.500346;0.885654;0;0.248983269136887;0.226450053752615;0.121540265102462
24;1;1;0;18;5.9;0.23895;0.82305;1;0.407098214549261;0.353632385139084;0.147521328601
33;4;9;10;28;4.3;0.376852;0.827148;0;0.0394897852073776;0.0454146633923539;0.122952531749586
50;1;8;27;47;6.9;0.398889;2.844111;0;0.0164980483316041;0.0136444650006087;0.164852345821016
31;2;6;6;32;23.1;3.341184;4.050816;1;0.771944252578365;0.791662104478429;0.62472170332041
28;1;3;7;19;4.1;0.260965;0.518035;0;0.171340841895772;0.08096490867116;0.120141998018177
44;3;8;10;88;6.1;0.284504;5.083496;1;0.0550515734316749;0.0559555891973196;0.150862537804978
48;4;3;23;45;9.8;0.97461;3.43539;0;0.123029941897883;0.100988360825296;0.224284794561537
36;2;0;17;30;9.7;0.32883;2.58117;0;0.244597738925612;0.277068485772964;0.222003218251334
29;3;7;1;63;5.5;0.571725;2.893275;0;0.147111842183529;0.116072322128358;0.141022623460993
40;3;17;11;116;6.0;2.56128;4.39872;0;0.0216317065151213;0.0214384030135543;0.149184219573304
33;1;7;6;26;6.0;0.54288;1.01712;0;0.105641296101441;0.100376539794408;0.149184219573304
26;2;6;6;30;1.0;0.1437;0.1563;0;0.0715233104375333;0.0782017946964227;0.0832414181511441
36;1;14;11;81;7.2;1.784592;4.047408;0;0.031582724439409;0.0181051212753125;0.170360679895587
26;2;6;0;35;1.9;0.085785;0.579215;0;0.116110041758793;0.0859473439218311;0.0927387744457163
40;3;16;6;116;12.1;1.61414;12.42186;0;0.040419499157663;0.0375201186842416;0.281274284360395
44;1;5;3;48;9.0;1.96992;2.35008;1;0.419546849782574;0.539840071782864;0.206498469635316
29;3;1;10;30;4.5;0.27945;1.07055;0;0.216056676519648;0.173714334236567;0.125819411565012
35;3;5;3;37;5.4;0.581418;1.416582;1;0.191854826533863;0.298280089578302;0.139435797002348
34;1;16;3;75;10.4;3.9546;3.8454;0;0.150278135420963;0.101876132175555;0.23832247968374
34;3;12;8;47;6.7;1.300537;1.848463;0;0.0467253532379116;0.0326507042301544;0.161260140498931
46;1;14;25;35;10.2;1.34946;2.22054;0;0.0105083649200739;0.00561450437789939;0.233577086224484
41;2;21;22;145;12.2;3.23727;14.45273;0;0.00865243191851708;0.00431751095365002;0.283942686237709
27;2;7;8;30;4.0;0.4476;0.7524;1;0.0738037237124655;0.0781486956512632;0.118757642677076
27;4;0;6;70;8.0;1.6184;3.9816;1;0.587813312316951;0.443724165375475;0.185763039434584
28;1;11;6;24;2.4;0.107136;0.468864;0;0.024749476673271;0.00702659639712678;0.0984261698495888
48;3;0;27;19;10.8;0.849528;1.202472;0;0.175862050905876;0.28357334480376;0.248010417755233
48;3;17;26;113;12.0;3.37644;10.18356;0;0.0174001414170556;0.0201313388375823;0.278621201773033
29;3;5;6;70;19.9;3.17604;10.75396;1;0.747408815898846;0.824609097940428;0.522101522219013
43;2;9;5;60;20.4;4.0392;8.2008;1;0.675773512036067;0.735527013613082;0.538491757746175
23;1;5;2;17;7.9;0.302175;1.040825;0;0.21482269866756;0.0779835341804321;0.183780491732131
29;2;10;8;44;18.1;3.70326;4.26074;0;0.463210355633168;0.488731554523492;0.462956247932683
40;4;5;6;75;1.9;0.884925;0.540075;0;0.139822706481893;0.102652004711299;0.0927387744457163
22;2;0;3;20;5.6;0.2072;0.9128;0;0.396089607073459;0.454842797490177;0.142624515618002
23;1;7;3;22;14.4;0.849024;2.318976;0;0.273793181887658;0.208687753671036;0.346280273672069
46;3;9;10;60;15.3;1.6065;7.5735;0;0.180065459211095;0.225447813536022;0.373559887669482
55;1;3;11;40;8.0;0.5632;2.6368;1;0.200412811653942;0.356906369094945;0.185763039434584
38;2;8;16;38;0.6;0.029412;0.198588;0;0.0186704494553856;0.0180302790754831;0.0793109640077818
35;2;5;1;33;2.8;0.103488;0.820512;0;0.144444216220467;0.150020559915797;0.103197745324591
30;1;11;9;27;0.9;0.073872;0.169128;0;0.0168057339218797;0.0302551640985059;0.0822425118007411
24;1;7;0;18;6.5;0.5265;0.6435;0;0.166056568922483;0.0992121212227669;0.157731427249199
26;2;4;3;28;9.5;0.2261;2.4339;0;0.261708343555061;0.321010838452448;0.217489983603156
32;2;2;11;15;9.1;0.118755;1.246245;1;0.214385374519779;0.283906638906214;0.208663437695647
37;2;11;4;75;3.5;0.632625;1.992375;0;0.0425659756903016;0.0323839495460047;0.112041425041299
39;1;6;19;42;19.9;2.540832;5.817168;1;0.359410781650086;0.341286574688761;0.522101522219013
30;2;4;4;21;18.3;0.491904;3.351096;0;0.452815177972978;0.50095412653638;0.469506989528554
30;1;10;11;39;9.5;2.056275;1.648725;0;0.10968394275652;0.0626539257323471;0.217489983603156
32;2;7;10;32;4.3;0.43344;0.94256;0;0.0645370754792931;0.0449713734839276;0.122952531749586
54;3;21;20;118;14.4;9.60048;7.39152;0;0.323345485065464;0.414907410904869;0.346280273672069
27;3;3;4;35;13.3;1.60132;3.05368;0;0.561599458702921;0.640896015315683;0.314274841148005
31;1;12;4;31;23.7;2.05716;5.28984;0;0.31939389024021;0.285322817970358;0.643045841841552
39;1;15;16;39;1.8;0.139698;0.562302;0;0.00410662310793523;0.00195479309944868;0.0916372908944199
31;1;5;3;25;14.1;1.17735;2.34765;0;0.418577534141023;0.6639479786165;0.337397088118022
35;1;15;11;40;18.5;1.2136;6.1864;0;0.0476334011747351;0.0262172847535569;0.476068255265623
35;2;10;16;98;13.3;4.874716;8.159284;0;0.36590469877783;0.260459337326903;0.314274841148005
46;2;22;17;144;11.1;3.324672;12.659328;0;0.00971225131977405;0.011061978939932;0.255447474216885
33;1;13;3;52;21.3;2.71362;8.36238;1;0.320037252145898;0.281724996109103;0.567762416513288
35;2;13;3;105;1.9;1.418445;0.576555;0;0.0388618428296893;0.0388983694102182;0.0927387744457163
35;2;1;1;21;7.9;0.369957;1.289043;0;0.448775393337451;0.642331873140445;0.183780491732131
38;1;5;13;21;9.0;0.44982;1.44018;0;0.11835474660706;0.0876332231953436;0.206498469635316
41;1;19;1;96;7.8;2.253888;5.234112;0;0.0292632603057636;0.0111730330111807;0.181814378077261
38;1;18;19;44;4.5;0.60588;1.37412;0;0.00258065369072504;9.95043937254798E-4;0.125819411565012
34;3;2;14;39;13.2;1.142856;4.005144;0;0.355780256126305;0.446220967564943;0.311445369244008
51;3;16;25;82;4.4;2.604976;1.003024;0;0.00798040561242785;0.00509474980729944;0.124378885097109
34;2;10;2;33;9.5;0.573705;2.561295;0;0.0986536745410202;0.119518761545604;0.217489983603156
47;1;15;1;30;24.5;2.21235;5.13765;0;0.253301787867894;0.315387169714526;0.666834453557546
34;2;8;6;78;5.4;2.156544;2.055456;0;0.181385448518292;0.13238547414672;0.139435797002348
27;2;8;7;18;11.9;0.400554;1.741446;0;0.117048612023759;0.12821910939606;0.275983534742841
52;1;9;11;24;19.2;0.801792;3.806208;1;0.152644827865589;0.134327154227284;0.499082945440632
39;1;9;6;35;5.0;0.23275;1.51725;0;0.0527887417432833;0.0244133369503838;0.133237610593936
33;1;7;0;22;6.4;0.630784;0.777216;0;0.173229594975448;0.104769608119357;0.155990731712526
34;1;0;1;21;7.2;0.187488;1.324512;0;0.467704327286804;0.46466100780281;0.170360679895587
31;3;9;7;59;14.6;3.109654;5.504346;1;0.383989292272761;0.444903392914332;0.352262975063126
28;1;2;9;16;15.2;0.870656;1.561344;0;0.458362624024994;0.219447681232731;0.370485039623049
39;1;19;16;45;3.7;0.91575;0.74925;0;0.00287435504733532;6.89319637289508E-4;0.114687159414884
51;2;22;23;120;7.6;4.14048;4.97952;0;0.00700878881456018;0.00679428810876474;0.17793130940947
22;1;4;1;16;1.2;0.08448;0.10752;0;0.155989276222094;0.282033481173631;0.0852723816350024
27;3;6;4;26;10.4;0.930176;1.773824;0;0.24588597784757;0.293363235677264;0.23832247968374
32;1;16;10;38;21.0;0.69426;7.28574;0;0.0379176694173833;0.0190133013256691;0.558047710319212
28;2;6;7;38;7.2;0.774288;1.961712;0;0.149797683513777;0.102839418450837;0.170360679895587
27;2;1;0;20;10.3;0.37698;1.68302;1;0.522856464728831;0.643730340323063;0.235941536859481
26;2;2;6;24;13.6;1.576512;1.687488;1;0.584197333771439;0.583847992663294;0.32284587007031
32;1;14;0;36;2.4;0.273024;0.590976;0;0.021474981110698;0.0152641287344108;0.0984261698495888
30;1;0;11;17;3.7;0.44659;0.18241;1;0.249311860621361;0.44841131814072;0.114687159414884
39;1;13;1;38;8.9;1.897302;1.484698;0;0.104017285332886;0.115730878567787;0.204350163433237
31;1;11;6;28;4.8;0.345408;0.998592;1;0.0347059773734625;0.0270508826807612;0.130226882366666
34;1;15;2;39;24.7;4.373382;5.259618;1;0.523381877648511;0.505124707570565;0.672656723119706
31;1;8;3;41;12.6;0.134316;5.031684;0;0.143506531375361;0.101917146556374;0.294767428627967
29;2;1;7;25;10.4;0.5694;2.0306;0;0.411408484462024;0.444977560744615;0.23832247968374
29;1;9;0;25;13.9;1.0703;2.4047;0;0.243375046934854;0.170331588968915;0.33153763574231
35;2;9;16;30;7.6;0.6498;1.6302;0;0.0380077223072106;0.0338054434966653;0.17793130940947
29;1;11;7;32;6.0;0.92736;0.99264;0;0.0489210663725121;0.0338229649674426;0.149184219573304
38;2;2;16;22;22.7;1.208548;3.785452;1;0.529953184900277;0.643459060834714;0.612300250144999
35;1;16;15;36;3.4;0.178704;1.045296;0;0.00411573013150677;9.87381179884696E-4;0.110738662082415
29;1;11;5;36;6.1;0.709308;1.486692;0;0.0511244536957789;0.0315445933916588;0.150862537804978
23;2;3;4;34;4.4;0.2618;1.2342;0;0.213247671219773;0.145669067457848;0.124378885097109
33;4;9;8;32;5.5;0.49632;1.26368;0;0.054446250160335;0.0309805075595862;0.141022623460993
51;2;19;25;159;2.8;1.06848;3.38352;0;0.00139678581092456;0.00103563657129944;0.103197745324591
24;1;4;2;21;2.6;0.099372;0.446628;0;0.162803192027664;0.0599872252769152;0.100786887619104
31;1;10;12;49;9.8;3.236548;1.565452;1;0.186571308231648;0.0551211814095796;0.224284794561537
45;1;10;14;52;5.4;0.932256;1.875744;0;0.0341032631437714;0.0145667653016218;0.139435797002348
29;1;3;1;17;9.0;0.46971;1.06029;0;0.368987146713032;0.62545336610921;0.206498469635316
34;1;0;10;20;17.1;2.04858;1.37142;0;0.746431408614133;0.724004631784148;0.430438062072136
25;2;4;5;27;5.0;0.54945;0.80055;1;0.195994439703426;0.13767211671178;0.133237610593936
37;1;20;2;56;1.9;0.54264;0.52136;0;0.00483570503078818;0.00964479168884991;0.0927387744457163
47;1;29;18;129;25.3;20.56131;12.07569;1;0.991215199291947;0.995958515369848;0.689802467807665
43;2;6;24;54;9.6;0.62208;4.56192;0;0.0477550659710799;0.036403334430089;0.21973827701109
47;1;22;19;81;5.5;1.50579;2.94921;0;0.00179025134038721;4.60607132569505E-4;0.141022623460993
24;1;6;2;21;5.2;0.108108;0.983892;0;0.131448196215285;0.0895813156996735;0.136307035904262
27;3;5;1;75;6.3;2.206575;2.518425;0;0.434169437202295;0.351187187172645;0.154265727768891
25;1;9;4;18;1.2;0.06588;0.15012;0;0.0408648206061741;0.0291020667197157;0.0852723816350024
36;3;11;12;44;14.7;0.446292;6.021708;0;0.053083327795835;0.0704774097376786;0.355271939089127
39;1;16;20;57;19.4;1.559178;9.498822;0;0.0243216096035615;0.0151413986809955;0.505663556317014
26;1;10;1;25;7.1;1.3064;0.4686;0;0.127523452407912;0.0703632774890552;0.168508494102977
41;1;4;19;25;10.1;1.0605;1.4645;0;0.141126328275673;0.101949192543953;0.231229159681675
39;1;19;15;60;27.1;9.5934;6.6666;1;0.78072783712096;0.724045031254781;0.738098099139739
37;1;18;8;54;12.1;4.593402;1.940598;0;0.108344949047443;0.0573862423385724;0.281274284360395
29;1;2;0;14;14.4;0.586656;1.429344;1;0.581985285573239;0.806555550950719;0.346280273672069
42;1;6;9;31;11.6;1.02486;2.57114;0;0.203148769950883;0.188032378880824;0.268163933207458
31;4;1;6;29;11.1;1.065489;2.153511;0;0.517279210872986;0.42734490039897;0.255447474216885
36;1;4;15;17;17.3;0.520557;2.420443;0;0.239604068340807;0.104515186984109;0.436903005506046
39;1;16;4;52;20.0;4.16;6.24;0;0.299723744828129;0.154597415429135;0.525384517698378
23;4;0;2;23;6.7;0.468464;1.072536;0;0.476581438876638;0.537183862796473;0.161260140498931
39;1;4;15;33;7.0;0.39732;1.91268;0;0.105777970704583;0.244171827722749;0.166672400022865
27;3;4;1;40;3.1;0.28396;0.95604;1;0.196807274157518;0.163146753284806;0.106909689191686
24;1;8;4;24;5.0;0.3816;0.8184;0;0.0834136442176919;0.142736113430851;0.133237610593936
27;3;3;4;45;11.0;0.29205;4.65795;1;0.330579204271817;0.288036576648623;0.25295226288355
41;1;16;22;49;1.6;0.4312;0.3528;0;0.00230185989292683;0.00111285961796717;0.0894695595917783
38;1;0;8;23;8.1;0.897966;0.965034;1;0.447311663698445;0.476795412856468;0.187762054224547
40;2;5;12;35;16.4;1.58424;4.15576;1;0.348948478178912;0.431535035696906;0.408010484205201
54;1;25;12;120;26.5;14.5962;17.2038;1;0.946429423354986;0.95375497625376;0.722548115025185
40;1;12;6;89;17.4;2.771994;12.714006;0;0.256253988138156;0.274811794497439;0.440143677259624
40;1;2;4;32;3.7;0.853664;0.330336;0;0.313133404607953;0.212884999404819;0.114687159414884
29;1;1;8;31;8.0;0.15624;2.32376;0;0.291528709575902;0.240067222479215;0.185763039434584
30;1;8;6;23;12.0;0.76176;1.99824;0;0.151403123868468;0.0934405079733198;0.278621201773033
29;1;1;1;18;1.1;0.029898;0.168102;0;0.268806604992952;0.225102132053738;0.084251343295237
29;3;3;3;50;2.4;0.2592;0.9408;1;0.197461419625926;0.254253332159814;0.0984261698495888
28;4;2;4;41;2.5;0.4592;0.5658;1;0.246483132798174;0.160979750317155;0.0996003083989934
28;4;0;5;38;10.4;0.636272;3.315728;0;0.521302284300617;0.417017104228315;0.23832247968374
39;2;16;9;89;14.3;5.001711;7.725289;0;0.218289586619073;0.228453637031832;0.343306913201855
32;1;11;2;53;3.3;0.089199;1.659801;0;0.0362725932619607;0.0300920217520349;0.109449179895879
36;2;7;16;43;15.4;2.6488;3.9732;0;0.286566585191208;0.285974117905667;0.376644986754052
39;1;20;12;39;8.2;0.773916;2.424084;0;0.0042747933127217;0.00795268262453786;0.189777566816889
28;3;6;8;47;19.8;5.574294;3.731706;1;0.885453544195196;0.901779860509869;0.518816616205483
28;1;4;2;28;14.2;0.43736;3.53864;1;0.396526748212;0.310010504482731;0.340345791526492
46;1;6;19;31;12.2;1.98555;1.79645;0;0.171398125604353;0.164192826027993;0.283942686237709
30;2;4;8;15;6.5;0.350025;0.624975;0;0.162856419641797;0.173471780344846;0.157731427249199
39;2;15;19;32;4.9;0.421792;1.146208;0;0.00496922469845659;0.00501838501173829;0.131724949891918
40;3;5;3;220;16.0;8.1664;27.0336;1;0.979036868721187;0.988185400933957;0.395358472460017
44;2;18;4;74;13.4;4.521696;5.394304;0;0.153278133216185;0.197675847567969;0.317118179812397
30;1;0;8;19;16.6;0.624492;2.529508;1;0.59436194424121;0.368223078180551;0.414383652209567
24;2;3;0;19;4.3;0.358663;0.458337;0;0.282154086441548;0.350680371388525;0.122952531749586
32;1;10;13;32;11.3;1.167968;2.448032;0;0.0687159514944213;0.120385783342504;0.260486177232655
29;2;3;8;15;2.6;0.14664;0.24336;0;0.13525093847502;0.144113048474753;0.100786887619104
40;2;2;1;36;3.8;0.277704;1.090296;0;0.296718847457412;0.368624034609104;0.116030312744454
41;2;8;21;43;0.7;0.085785;0.215215;0;0.0130341132652384;0.00856576760910068;0.0802773786943252
22;1;1;3;17;18.6;0.80631;2.35569;0;0.695587077884444;0.472445268758426;0.479352131210508
38;1;10;8;34;1.2;0.036312;0.371688;0;0.0231964822688964;0.0579835345263245;0.0852723816350024
37;2;6;13;62;8.5;1.18575;4.08425;0;0.133177879337882;0.175572672151089;0.19592336268882
41;3;18;6;71;15.7;6.565583;4.581417;1;0.378139551116333;0.471497333116231;0.385959602609044
41;3;7;6;56;14.5;0.37352;7.74648;1;0.184999655119564;0.337327386860578;0.349265689849749
39;1;2;15;22;23.1;1.915914;3.166086;1;0.655166551770323;0.506129732434555;0.62472170332041
24;2;0;2;15;16.1;0.321195;2.093805;1;0.6573660169274;0.730841488836085;0.398509074529238
32;3;9;10;51;23.0;2.68617;9.04383;0;0.445813048724541;0.394715561117371;0.621630984291302
21;3;0;1;26;7.7;1.529528;0.472472;0;0.664576703671915;0.589680447045886;0.179864663152346
29;1;13;7;27;2.3;0.068931;0.552069;0;0.0137747210588581;0.0036688254600264;0.0972643774458258
35;2;14;3;82;0.8;0.468384;0.187616;0;0.016428384705025;0.0174463153997296;0.0812545300027843
29;1;6;7;21;18.1;1.109892;2.691108;0;0.358522550246374;0.551897739492173;0.462956247932683
41;2;2;22;30;6.7;0.11256;1.89744;0;0.0825812732918285;0.118554052961585;0.161260140498931
37;1;0;18;18;12.9;1.583604;0.738396;1;0.44832403203923;0.3961886369554;0.303041555782365
32;2;3;13;47;1.9;0.42864;0.46436;0;0.103239613919071;0.069547043736642;0.0927387744457163
36;5;5;12;20;8.1;0.729;0.891;0;0.136304593434815;0.221719113292456;0.187762054224547
39;2;18;9;44;2.1;0.367752;0.556248;0;0.00409877311128341;0.00262487267474735;0.0949774523057643
36;1;18;9;67;11.2;5.245296;2.258704;0;0.130685583425866;0.0759414799063336;0.257958800003834
46;3;22;4;99;2.3;0.826551;1.450449;0;0.00308971823629953;0.00224979828571847;0.0972643774458258
34;1;13;11;51;9.6;1.875168;3.020832;0;0.0513334373348366;0.0149333373712455;0.21973827701109
27;1;7;4;26;9.1;0.641186;1.724814;0;0.161974308667445;0.114125962679101;0.208663437695647
43;1;8;11;45;3.3;0.67716;0.80784;0;0.0499135414175496;0.0388219529054895;0.109449179895879
33;1;14;8;72;41.3;15.01668;14.71932;1;0.999396726695035;0.999456995982971;0.948096462752087
39;2;20;17;101;1.4;0.340774;1.073226;0;0.00122282815124538;6.41616951391304E-4;0.0873481762044001
29;1;1;4;17;2.5;0.13175;0.29325;0;0.25683427445484;0.200879411232922;0.0996003083989934
34;4;7;15;40;6.4;0.94976;1.61024;0;0.0692144775858657;0.0352508016480214;0.155990731712526
26;1;1;0;21;4.9;0.608139;0.420861;0;0.437159972580685;0.279490651957395;0.131724949891918
31;1;15;2;60;4.8;0.80352;2.07648;0;0.023929244549648;0.00683541580803366;0.130226882366666
26;1;10;6;24;2.7;0.31104;0.33696;0;0.0359860160010938;0.016757188195249;0.101986001870756
28;1;12;7;45;7.7;1.853775;1.611225;0;0.0738431953620997;0.0467513802057139;0.179864663152346
48;1;13;20;50;30.8;6.1138;9.2862;1;0.657473550705739;0.693188578722092;0.820993039155898
39;2;2;12;46;16.0;4.00384;3.35616;1;0.810805019528355;0.811812300499088;0.395358472460017
37;1;3;3;25;3.7;0.27565;0.64935;0;0.217879898126336;0.274127379577394;0.114687159414884
52;5;9;0;70;9.4;1.32916;5.25084;1;0.20050559941827;0.507736411265483;0.215258347740376
48;1;3;11;27;21.3;1.403244;4.347756;0;0.567479031693599;0.482486033127057;0.567762416513288
26;1;7;3;22;5.1;0.208692;0.913308;0;0.103099521452934;0.0351758922549762;0.134764945811939
46;5;15;0;126;3.1;0.476532;3.429468;0;0.0201665068703565;0.0384056715744706;0.106909689191686
31;1;7;10;23;4.9;0.2254;0.9016;0;0.0606511552117159;0.0410688025293231;0.131724949891918
34;1;13;8;56;6.1;0.864248;2.551752;0;0.0276210626556431;0.00825509634480884;0.150862537804978
40;1;22;4;95;3.6;0.6327;2.7873;0;0.00310104399507149;8.46320375527711E-4;0.113357560419516
24;3;2;5;16;6.4;0.270336;0.753664;1;0.276341460013395;0.217099828629547;0.155990731712526
33;1;2;14;44;3.1;0.52514;0.83886;0;0.137149571887636;0.113480201968933;0.106909689191686
53;4;5;29;78;17.3;6.935916;6.558084;1;0.757882061992549;0.717872868351537;0.436903005506046
47;3;9;1;52;20.1;2.539836;7.912164;1;0.543337180286879;0.79148586338283;0.528665320220748
35;1;5;5;32;13.0;0.17472;3.98528;0;0.238176140324627;0.128139342389477;0.30582859021282
34;1;14;8;28;17.0;1.13764;3.62236;0;0.0638639295552217;0.0362188073102882;0.427214320753891
49;1;11;5;39;10.1;2.457936;1.481064;0;0.172789130541;0.118143115749663;0.231229159681675
26;2;0;7;28;9.3;1.270752;1.333248;0;0.547167439040393;0.465957618914811;0.213043376128119
23;1;2;2;16;9.6;0.804864;0.731136;1;0.467493598901464;0.661126015782521;0.21973827701109
23;2;0;4;21;8.7;0.454923;1.372077;0;0.478149024935127;0.480245924424651;0.200103503133251
38;2;4;13;56;1.6;0.441728;0.454272;0;0.0814120245998092;0.0878668236201453;0.0894695595917783
28;2;5;2;37;8.3;1.123986;1.947014;0;0.312191501119683;0.331114360813482;0.191809605554132
30;3;0;8;65;29.7;3.89961;15.40539;1;0.968168696720336;0.985002291969076;0.798719626144258
34;1;18;10;34;15.4;2.099636;3.136364;0;0.0320496697035972;0.0549318224685572;0.376644986754052
50;2;16;14;71;11.1;1.662891;6.218109;0;0.0202830102572364;0.0357381909679001;0.255447474216885
29;1;12;2;40;6.7;1.63212;1.04788;0;0.0880125546093511;0.0474564435863809;0.161260140498931
42;3;0;9;64;6.6;0.278784;3.945216;0;0.314325445856699;0.50628934107622;0.159487876633662
31;1;13;12;27;5.0;0.2376;1.1124;0;0.0128394487394704;0.00675202406604932;0.133237610593936
39;1;10;4;31;4.8;0.184512;1.303488;0;0.0468587704250761;0.0274513508414564;0.130226882366666
45;2;21;26;132;3.0;2.55816;1.40184;0;0.00189358487712056;0.00108818029335954;0.105659495410671
45;1;22;24;91;11.7;1.256346;9.390654;0;0.00178684922236087;9.37410881063204E-4;0.270754813587066
36;1;14;17;53;5.7;1.888125;1.132875;0;0.0182781552518923;0.0282060060323765;0.144241548322777
25;4;0;6;24;12.1;1.5972;1.3068;1;0.669224230810444;0.529164291027417;0.281274284360395
29;2;1;7;29;21.2;2.330092;3.817908;1;0.832577622978128;0.85227265771362;0.564529588060622
30;2;8;4;56;6.4;0.333312;3.250688;0;0.0910451315568364;0.0902335882131736;0.155990731712526
31;1;1;1;24;4.5;0.21708;0.86292;0;0.355872430703579;0.398716893444472;0.125819411565012
43;1;4;2;29;4.6;0.05336;1.28064;0;0.184320000478013;0.135615941679165;0.127274196819662
32;2;11;4;57;23.8;5.439966;8.126034;1;0.807400639051636;0.779094601609608;0.646061231863975
47;1;19;7;50;30.1;3.17555;11.87445;0;0.183510837485304;0.18763862682097;0.807050536335261
46;1;1;15;21;14.8;1.376844;1.731156;1;0.46081233778776;0.515168775788472;0.358292388188577
43;2;16;10;83;4.1;0.258628;3.144372;0;0.00686108844852277;0.00483712630058888;0.120141998018177
48;1;3;7;24;7.0;0.7644;0.9156;0;0.262752006577007;0.36185654248002;0.166672400022865
30;3;8;7;61;2.8;0.549976;1.158024;0;0.0607515067157141;0.0647669882938361;0.103197745324591
23;4;0;4;32;18.4;0.818432;5.069568;1;0.726515777608471;0.606952589658955;0.472786447367334
36;4;8;0;32;1.6;0.024576;0.487424;0;0.0706634199403219;0.0495359781484504;0.0894695595917783
20;3;0;1;17;2.3;0.043792;0.347208;0;0.344296249794987;0.400508900962551;0.0972643774458258
43;1;16;7;89;0.4;0.159488;0.196512;0;0.00597213121539685;0.0038851373096946;0.0774099701060348
23;1;2;1;25;4.5;0.12375;1.00125;1;0.291233568964574;0.483046712857506;0.125819411565012
41;1;21;2;76;20.5;6.94868;8.63132;0;0.436083825760213;0.459916791871019;0.54176098078809
34;1;12;5;68;25.1;7.817144;9.250856;1;0.929970060594192;0.932249890540324;0.68414195968044
50;1;11;5;36;4.8;0.834624;0.893376;0;0.0490810678098238;0.0562703897657422;0.130226882366666
40;1;9;4;64;6.6;0.789888;3.434112;0;0.0941258539182932;0.091885737483404;0.159487876633662
29;2;0;8;22;12.9;1.038708;1.799292;1;0.572678017948584;0.60436037812037;0.303041555782365
39;2;9;16;56;18.7;4.76476;5.70724;0;0.526576599170722;0.549684502101081;0.482637792475104
24;2;1;2;42;5.7;0.8379;1.5561;0;0.446969865438603;0.5096059823555;0.144241548322777
27;1;0;5;16;1.1;0.130416;0.045584;0;0.263962685567363;0.257210123971445;0.084251343295237
40;3;18;14;157;6.6;3.326202;7.035798;0;0.0217361703153132;0.0104477372086823;0.159487876633662
32;2;8;2;45;3.7;0.98235;0.68265;0;0.118692413750908;0.129230099843109;0.114687159414884
39;2;16;12;53;3.7;0.694194;1.266806;0;0.00722308720033285;0.00623296444172689;0.114687159414884
40;1;22;1;100;14.6;5.402;9.198;0;0.13878222840431;0.11702489729813;0.352262975063126
32;1;10;11;42;9.1;1.540266;2.281734;0;0.0812896345723571;0.0586598600914462;0.208663437695647
39;1;23;1;75;18.9;3.132675;11.042325;0;0.0479338641456528;0.0498756122070139;0.489213337068893
24;1;3;3;21;28.9;2.682498;3.386502;1;0.910956746754471;0.766281219847037;0.78125885330834
43;4;18;14;446;6.5;16.03147;12.95853;1;0.969659669508975;0.810529337533571;0.157731427249199
56;1;11;20;59;15.0;4.6728;4.1772;0;0.252929140664267;0.289117104410731;0.364366949296657
32;3;5;9;23;4.5;0.326025;0.708975;0;0.104213976533291;0.0857201238294388;0.125819411565012
42;1;7;12;25;10.2;1.62945;0.92055;0;0.163801842780858;0.0992126085193618;0.233577086224484
46;3;3;13;43;13.2;3.042336;2.633664;1;0.582566827349209;0.759321308159435;0.311445369244008
31;1;2;2;22;16.4;1.739056;1.868944;1;0.732098137876037;0.892224093427147;0.408010484205201
43;1;25;16;242;2.6;1.63592;4.65608;0;9.21050740974427E-4;2.05798911501312E-4;0.100786887619104
28;2;6;9;22;11.5;0.65021;1.87979;0;0.169351559165221;0.189889563831199;0.265588815912145
39;3;11;17;39;12.9;2.560779;2.470221;0;0.0966635875550554;0.0700658983540104;0.303041555782365
39;1;0;8;39;7.9;1.066026;2.014974;0;0.466825332405981;0.542854952672783;0.183780491732131
37;4;1;14;33;16.1;2.693691;2.619309;1;0.688575965592744;0.608890907450969;0.398509074529238
30;1;0;11;17;12.0;0.30396;1.73604;0;0.38902799846015;0.327950681883885;0.278621201773033
37;5;9;16;177;5.9;0.887655;9.555345;0;0.0375077016853043;0.0387963402376916;0.147521328601
22;1;4;3;14;17.5;0.2254;2.2246;0;0.417905695139878;0.344027926797873;0.443389459041857
50;1;1;26;26;14.3;1.851564;1.866436;0;0.305149955001896;0.27991978871203;0.343306913201855
30;1;10;2;19;4.4;0.336072;0.499928;0;0.0574000413989986;0.0507080216373563;0.124378885097109
39;1;8;0;21;4.0;0.27636;0.56364;0;0.0979306917017587;0.132449649054623;0.118757642677076
21;2;0;2;21;12.5;0.48825;2.13675;1;0.60576398694754;0.603273386616664;0.292038788109412
31;3;9;2;28;2.6;0.121576;0.606424;0;0.0553161944814954;0.0771541568694132;0.100786887619104
31;2;9;1;30;5.8;0.60204;1.13796;0;0.0998600094764963;0.138414266245478;0.14587379519876
48;1;0;23;30;22.3;2.66262;4.02738;0;0.697265078927443;0.893551145571022;0.599731080212058
28;1;4;1;16;23.8;1.08528;2.72272;0;0.706802218486166;0.862387906176197;0.646061231863975
47;3;16;26;221;17.6;15.791776;23.104224;1;0.978482417275991;0.975208295434895;0.446640081169066
27;2;6;1;34;4.4;0.237864;1.258136;0;0.141458063106748;0.146719216797154;0.124378885097109
29;2;6;10;65;18.4;1.98536;9.97464;0;0.426193839448027;0.497211563810337;0.472786447367334
21;2;2;0;20;4.5;0.2907;0.6093;1;0.329048231568699;0.380251991412286;0.125819411565012
29;1;7;5;20;19.8;1.00584;2.95416;1;0.360900474272814;0.249298986493205;0.518816616205483
24;4;0;3;29;6.6;0.589512;1.324488;1;0.471417522011022;0.308259803478899;0.159487876633662
44;1;12;3;31;9.7;0.357833;2.649167;0;0.052912261570275;0.0732732827144548;0.222003218251334
22;1;1;0;18;4.4;0.270072;0.521928;0;0.379766054807328;0.17707975759406;0.124378885097109
38;2;13;0;59;2.4;0.407808;1.008192;0;0.0293313367610282;0.0446973035812178;0.0984261698495888
52;2;12;16;76;7.7;0.99484;4.85716;0;0.0229218219496619;0.033961181524439;0.179864663152346
25;1;3;2;18;16.3;0.35208;2.58192;1;0.489785017337885;0.694945203788466;0.4048353225734
25;1;5;5;22;10.9;0.402864;1.995136;0;0.22840514373787;0.136131956095507;0.250473225436072
51;2;27;21;166;11.5;0.82087;18.26913;0;5.19591926235467E-4;3.45651671328425E-4;0.265588815912145
38;1;21;16;58;16.5;4.58403;4.98597;0;0.043003654259038;0.0107048150913045;0.411193343631029
44;1;9;20;33;5.2;0.545688;1.170312;0;0.0212963163357749;0.01653755042209;0.136307035904262
24;2;2;3;26;9.7;0.887744;1.634256;1;0.461293101187712;0.463144796914232;0.222003218251334
34;1;5;3;33;7.3;0.778107;1.630893;0;0.239104781885663;0.124099869386781;0.172229007335537
25;2;6;2;26;4.5;0.0702;1.0998;0;0.122204022899605;0.118265679419625;0.125819411565012
45;3;5;17;94;10.5;3.61242;6.25758;1;0.404073316515946;0.540470111234706;0.240719879471011
34;2;4;10;25;5.8;0.56985;0.88015;0;0.149892441264866;0.207167626196222;0.14587379519876
27;4;2;8;23;5.7;0.319884;0.991116;1;0.224468270363815;0.13664752205336;0.144241548322777
33;2;10;13;57;20.9;6.111369;5.801631;1;0.745230831768245;0.773666957547671;0.554799197115373
35;2;0;16;22;15.0;1.9701;1.3299;1;0.589492479102208;0.619998412198888;0.364366949296657
50;2;15;31;60;1.1;0.46794;0.19206;0;0.00138119234207691;7.39887319606644E-4;0.084251343295237
33;1;13;13;42;3.6;0.228312;1.283688;0;0.0104313748198314;0.00322037309033341;0.113357560419516
41;3;13;13;91;25.2;2.316132;20.615868;1;0.190066872490082;0.235819929502069;0.686979178800848
28;1;0;2;28;33.3;2.28438;7.03962;1;0.964245331832768;0.968754436324632;0.864377305607644
38;3;12;14;63;16.0;5.71536;4.36464;1;0.461942696867952;0.516548026532275;0.395358472460017
25;1;3;2;16;17.8;1.01104;1.83696;1;0.615174776693884;0.489746510767652;0.453154759589524
47;2;4;9;33;7.1;1.19493;1.14807;1;0.234821562257501;0.435269788837559;0.168508494102977
30;2;12;9;98;7.2;2.935296;4.120704;0;0.107550024468274;0.0753344722940259;0.170360679895587
44;2;12;5;86;13.0;1.47576;9.70424;0;0.107609226666203;0.170815566208969;0.30582859021282
25;1;0;2;18;18.9;0.513702;2.888298;1;0.732830431525352;0.876014025410021;0.489213337068893
41;2;6;0;36;19.5;4.51386;2.50614;1;0.887052061465882;0.950275840348134;0.508953268502707
22;3;0;1;18;7.7;0.47817;0.90783;0;0.520321489565306;0.460274878051609;0.179864663152346
35;2;3;11;40;17.2;1.80256;5.07744;1;0.534566607921436;0.510171442474906;0.433667711732591
42;5;6;23;190;7.8;3.15666;11.66334;0;0.165472354875307;0.193342466732127;0.181814378077261
38;1;3;19;23;14.7;0.831726;2.549274;0;0.216118811860452;0.15036271419462;0.355271939089127
23;2;1;3;18;18.7;0.885258;2.480742;1;0.706912324427979;0.707448376627418;0.482637792475104
28;3;2;5;30;19.9;1.52235;4.44765;0;0.720374152552816;0.691310211868081;0.522101522219013
52;1;19;25;89;4.7;0.397385;3.785615;0;0.0011248124963648;0.00213751295507109;0.128743325737245
25;1;9;2;20;3.5;0.105;0.595;0;0.0590868384404125;0.0313910848709543;0.112041425041299
28;2;1;4;16;14.7;0.573888;1.778112;0;0.566530276886241;0.525670375460752;0.355271939089127
43;1;19;11;79;7.5;0.7821;5.1429;0;0.00557435222264044;0.00377915757487893;0.176014277117858
24;2;3;1;24;19.1;2.172816;2.411184;0;0.790973718880468;0.832410344048527;0.495792616651755
34;3;13;7;52;9.2;1.497392;3.286608;0;0.0550180408322045;0.0664470198326887;0.210845072506912
29;2;6;9;25;4.2;0.58485;0.46515;0;0.0934663140725528;0.0865376411484905;0.121540265102462
31;1;6;9;21;8.3;0.728574;1.014426;0;0.138502890538379;0.0622036230721761;0.191809605554132
42;2;14;1;48;8.6;1.201248;2.926752;1;0.0561850320242424;0.102771410153082;0.198005125485801
49;2;11;1;51;15.0;0.54315;7.10685;0;0.129468267778651;0.26763232486958;0.364366949296657
39;1;22;9;73;14.3;3.726723;6.712277;0;0.030418428784101;0.0227131003080264;0.343306913201855
45;3;0;19;22;4.2;0.030492;0.893508;0;0.124931153385961;0.22842561681935;0.121540265102462
41;1;7;22;32;2.9;0.072384;0.855616;0;0.0183572086058244;0.0149860111264343;0.104422211934525
29;2;9;0;46;1.6;0.241408;0.494592;0;0.0632751655098585;0.0453038175531906;0.0894695595917783
35;3;7;5;38;15.1;1.382858;4.355142;0;0.316418478255356;0.314630258179631;0.367420656592906
27;2;5;6;25;6.8;0.7055;0.9945;0;0.184362329684127;0.132582169278203;0.163048277810623
28;1;4;7;19;4.1;0.286672;0.492328;0;0.141362160226111;0.087586408075437;0.120141998018177
48;1;17;22;66;3.2;1.46784;0.64416;0;0.00376171314915747;0.00129623398956367;0.108172886416567
24;1;2;5;18;6.0;0.52812;0.55188;0;0.29937428312194;0.253138747928099;0.149184219573304
31;1;6;12;33;4.2;0.14553;1.24047;0;0.0591062735455258;0.0184683431108316;0.121540265102462
43;1;10;9;69;6.4;0.410688;4.005312;0;0.0411690762337516;0.0381602198670492;0.155990731712526
42;1;3;10;24;10.6;0.666528;1.877472;0;0.266242525139815;0.259469051318226;0.243133697635996
51;2;31;14;249;7.8;4.27284;15.14916;0;0.00181069048627053;0.00146830905327639;0.181814378077261
22;1;4;3;19;23.1;1.88727;2.50173;1;0.753090719362856;0.646574329783906;0.62472170332041
37;1;6;10;31;11.7;1.701063;1.925937;1;0.258901634793357;0.198493298672782;0.270754813587066
22;3;1;3;25;13.8;1.97685;1.47315;1;0.745244640179527;0.780352202505416;0.328627227393458
49;2;2;13;20;16.9;0.37856;3.00144;1;0.348909748418072;0.448638522985708;0.423996750019665
29;1;9;8;30;8.2;0.15498;2.30502;0;0.0566885539412108;0.0419218626036937;0.189777566816889
42;1;2;16;30;9.7;1.47246;1.43754;0;0.293947559966662;0.163921396775045;0.222003218251334
34;1;15;0;67;13.2;3.741012;5.102988;0;0.245765436108538;0.230247238017664;0.311445369244008
34;2;9;7;27;1.7;0.295137;0.163863;0;0.0382724167344613;0.0519173969791936;0.0905475842743514
32;2;5;5;43;15.0;1.806;4.644;1;0.487140031236564;0.542037090671465;0.364366949296657
42;2;18;23;66;9.6;1.641024;4.694976;0;0.00527852916154055;0.00484493377754465;0.21973827701109
24;1;3;0;14;16.1;0.838488;1.415512;1;0.594520034016748;0.340543303550904;0.398509074529238
34;1;16;9;48;7.6;1.473792;2.174208;0;0.0200644121691655;0.0353531568268403;0.17793130940947
26;1;10;2;32;4.7;0.126336;1.377664;0;0.0525357497562272;0.0159000736441678;0.128743325737245
30;2;12;9;68;20.1;2.856612;10.811388;0;0.264548261382332;0.258953817586811;0.528665320220748
32;1;4;3;16;28.5;0.89376;3.66624;1;0.735464114860276;0.749166212870538;0.772128770001601
38;3;13;18;25;5.7;0.343425;1.081575;0;0.00894780358459149;0.00979784061314607;0.144241548322777
43;2;10;24;37;8.5;0.676175;2.468825;0;0.0174772017613723;0.0209776964222984;0.19592336268882
31;2;9;8;53;13.5;1.194885;5.960115;0;0.148280993263613;0.109027864872214;0.319975239349056
37;4;10;18;123;17.3;3.021618;18.257382;0;0.194493458660357;0.117874758598287;0.436903005506046
37;2;4;11;20;21.7;0.1736;4.1664;1;0.345178224267928;0.472260172038497;0.580633493942323
41;3;12;11;86;26.5;4.99101;17.79899;1;0.646333248817239;0.710385623339797;0.722548115025185
32;1;0;4;20;3.0;0.2634;0.3366;1;0.33174095661209;0.614620154656394;0.105659495410671
22;2;0;1;35;9.0;0.7812;2.3688;1;0.591389618518579;0.514285574026441;0.206498469635316
32;2;12;3;63;18.2;5.549544;5.916456;0;0.698539002399478;0.716056179014485;0.466230162951689
47;2;17;23;41;9.5;0.455715;3.439285;0;0.00338765545818887;0.00228162664985376;0.217489983603156
40;1;21;21;46;6.2;0.966828;1.885172;0;0.00151543228867069;6.6684186858938E-4;0.15255635158718
31;1;8;1;22;6.7;0.369974;1.104026;0;0.118186529926148;0.050740455113735;0.161260140498931
34;3;7;0;27;2.2;0.125334;0.468666;0;0.0976819056270708;0.101663812013793;0.0961148365238271
52;4;13;17;234;7.7;7.38738;10.63062;0;0.39809548054716;0.256097261367707;0.179864663152346
28;1;2;2;17;2.5;0.199325;0.225675;1;0.249014583616521;0.478430566016741;0.0996003083989934
38;3;15;18;63;13.4;5.090526;3.351474;0;0.142727059668016;0.140456482266937;0.317118179812397
33;2;10;4;26;3.1;0.030628;0.775372;0;0.0372962357812422;0.0414993729850726;0.106909689191686
39;2;9;12;32;6.6;1.429824;0.682176;0;0.0725912944664171;0.0812201092170144;0.159487876633662
47;3;23;11;115;4.0;0.6532;3.9468;0;0.00144648110836776;0.00154225302385462;0.118757642677076
36;2;11;8;49;1.3;0.272636;0.364364;0;0.0210693163056843;0.0259916157649352;0.086304627715115
29;3;7;2;84;13.6;6.91152;4.51248;1;0.924768238458193;0.90375948173422;0.32284587007031
48;4;14;10;59;16.5;4.935645;4.799355;1;0.328411065204908;0.479203818610579;0.411193343631029
38;3;12;18;64;5.8;0.894592;2.817408;0;0.015671487811099;0.0158844229013769;0.14587379519876
46;2;9;26;15;4.3;0.014835;0.630165;0;0.00902415335723877;0.0124564211405367;0.122952531749586
27;3;5;4;42;19.9;2.707992;5.650008;1;0.72693760370607;0.787394725831696;0.522101522219013
54;1;18;34;114;8.5;3.2946;6.3954;0;0.00505598981147993;0.00266911738578658;0.19592336268882
27;4;0;0;25;12.7;1.419225;1.755775;1;0.758254211825314;0.831473031242501;0.297510850128549
23;1;1;0;17;1.6;0.011696;0.260304;0;0.29199039760929;0.209056386995323;0.0894695595917783
41;1;23;2;91;13.7;0.573482;11.893518;0;0.0067231210163287;0.00491523421635326;0.325729918501149
24;1;3;5;15;11.3;0.072885;1.622115;1;0.291953911500523;0.464712479328329;0.260486177232655
28;1;9;0;22;27.7;5.283498;0.810502;1;0.923999364882084;0.963417139068732;0.753074405700566
26;1;0;0;14;10.5;0.25578;1.21422;0;0.570108444774455;0.494909809856162;0.240719879471011
24;1;8;0;17;5.6;0.569296;0.382704;1;0.128828923754901;0.0737112173913011;0.142624515618002
49;2;22;4;79;7.3;0.28835;5.47865;0;0.00352748588431805;0.00494419699508942;0.172229007335537
28;2;3;1;36;8.6;0.383904;2.712096;0;0.349545470815395;0.45401140677745;0.198005125485801
38;1;6;17;18;13.0;0.13104;2.20896;0;0.0827711555283944;0.0751774302497968;0.30582859021282
33;2;2;9;37;4.5;0.834165;0.830835;0;0.243737292178848;0.209582400014209;0.125819411565012
26;1;8;4;25;4.7;0.210325;0.964675;0;0.0743670620066026;0.0232935817488702;0.128743325737245
36;1;9;1;40;9.8;1.97568;1.94432;0;0.257572992125953;0.280852018730841;0.224284794561537
37;3;16;14;50;36.6;7.32;10.98;1;0.834081030427387;0.872401325513599;0.907750191886664
25;4;0;1;18;33.4;2.801592;3.210408;1;0.975423921244021;0.954977989956718;0.865912855466288
29;1;9;2;33;4.8;0.693792;0.890208;0;0.089829432704561;0.0641544415215594;0.130226882366666
27;2;8;4;38;6.9;0.364458;2.257542;0;0.0963059974843328;0.088769593973677;0.164852345821016
45;1;17;0;62;15.0;2.4366;6.8634;0;0.100194274758317;0.0609829825809047;0.364366949296657
37;1;9;8;57;5.5;1.357455;1.777545;0;0.0861853182762839;0.0663744710458311;0.141022623460993
29;2;3;6;26;6.1;0.537654;1.048346;1;0.238697600914421;0.255681503940381;0.150862537804978
51;1;10;1;44;13.2;4.960032;0.847968;1;0.670161419821311;0.732332081612929;0.311445369244008
22;3;0;0;23;8.4;0.372876;1.559124;1;0.540915698633663;0.621830884191776;0.193858196359287
30;4;7;10;30;15.7;0.26376;4.44624;0;0.146191577036926;0.0830857319962227;0.385959602609044
31;1;7;2;20;12.3;0.1107;2.3493;0;0.182032926592779;0.37678606846009;0.286626307353922
28;1;2;0;18;14.8;1.939392;0.724608;1;0.757927497294184;0.897351357120019;0.358292388188577
35;1;10;16;39;5.7;0.217854;2.005146;0;0.0200548434443216;0.011793774850639;0.144241548322777
25;4;1;1;34;8.5;0.13294;2.75706;1;0.428378429112758;0.509217773331008;0.19592336268882
32;2;5;0;28;14.8;2.594144;1.549856;1;0.687558139936416;0.792137546424596;0.358292388188577
33;1;2;10;24;9.6;1.041408;1.262592;0;0.344199797295135;0.171050280336972;0.21973827701109
28;2;3;4;41;25.1;5.896743;4.394257;1;0.977033206954784;0.972009138696991;0.68414195968044
46;3;4;17;73;5.4;2.223288;1.718712;0;0.199080215652094;0.1954820795374;0.139435797002348
41;1;24;12;83;14.0;6.58854;5.03146;0;0.0706063333582533;0.117449606697292;0.33446097880431
42;2;11;5;73;6.8;2.869192;2.094808;0;0.164981783537884;0.154687881333859;0.163048277810623
41;4;9;13;47;5.0;0.4371;1.9129;0;0.0342621743155444;0.019126120423621;0.133237610593936
26;1;3;5;29;25.7;2.526567;4.926433;1;0.857059752434653;0.837779240853546;0.700953572253413
47;1;27;8;113;9.2;2.380684;8.015316;0;0.00297361668163738;9.64700474630358E-4;0.210845072506912
29;1;1;3;18;25.6;1.98144;2.62656;1;0.892600596560856;0.855808736079259;0.698187369361663
34;1;3;14;36;4.7;0.624348;1.067652;0;0.131965059377348;0.114280824949195;0.128743325737245
36;1;7;2;43;6.2;1.03974;1.62626;0;0.181128207355189;0.200800192119201;0.15255635158718
38;2;7;4;64;3.0;0.65088;1.26912;0;0.101882332575132;0.0928194188433943;0.105659495410671
41;2;4;14;26;19.2;1.47264;3.51936;1;0.410873009980703;0.557666139840225;0.499082945440632
46;1;9;23;31;13.8;1.617084;2.660916;0;0.0630660223586654;0.146304831590547;0.328627227393458
40;3;3;15;55;16.5;1.751475;7.323525;1;0.431053834033333;0.449834630818082;0.411193343631029
44;2;17;0;129;2.5;0.551475;2.673525;0;0.0123878566234818;0.00924239691428433;0.0996003083989934
35;3;10;15;39;10.4;1.60212;2.45388;0;0.0691547976135937;0.0462135471148776;0.23832247968374
36;1;20;15;60;5.4;1.05624;2.18376;0;0.00307967331844278;6.4139752103716E-4;0.139435797002348
28;2;0;3;30;4.8;0.12096;1.31904;1;0.367765701315854;0.419125528915782;0.130226882366666
29;2;6;7;18;5.1;0.44982;0.46818;1;0.108373073720757;0.133624930862779;0.134764945811939
23;2;3;3;22;11.4;1.274064;1.233936;1;0.493419829286373;0.476901541507739;0.263029539285341
41;2;7;17;63;15.4;4.637556;5.064444;0;0.536482529012351;0.490576767815139;0.376644986754052
25;1;1;1;19;6.9;0.190095;1.120905;0;0.402046071152446;0.351605011542296;0.164852345821016
45;2;2;19;29;5.4;0.443178;1.122822;0;0.11013649404162;0.11490923685275;0.139435797002348
48;2;30;14;148;7.2;3.974688;6.681312;0;0.00184498555636606;0.00120049435971645;0.170360679895587
38;1;18;7;45;7.0;0.5355;2.6145;0;0.00814765695939444;0.00455501587492096;0.166672400022865
29;1;6;4;46;5.4;1.169964;1.314036;0;0.193939821689202;0.0732534566663731;0.139435797002348
42;4;15;8;186;3.6;2.403864;4.292136;0;0.0327728686931709;0.01251334215159;0.113357560419516
31;1;11;12;47;10.9;2.863757;2.259243;0;0.13805275934834;0.0390659793673654;0.250473225436072
40;1;3;13;23;6.9;0.409446;1.177554;0;0.150408430239972;0.126245776788736;0.164852345821016
26;1;2;6;21;19.8;1.022868;3.135132;0;0.63877329371723;0.374274864006657;0.518816616205483
25;1;6;6;22;20.2;2.261996;2.182004;0;0.585398830975112;0.453776057433664;0.531943648120058
53;4;7;11;61;7.9;1.874591;2.944409;0;0.16637900603441;0.163983491417098;0.183780491732131
50;3;18;27;102;14.1;5.781564;8.600436;0;0.0576451575171498;0.0685852148233537;0.337397088118022
47;1;31;9;136;23.1;14.231448;17.184552;1;0.759645308266487;0.902404220880746;0.62472170332041
23;1;1;0;21;8.4;1.210104;0.553896;1;0.598966729240879;0.347132659667299;0.193858196359287
37;3;12;8;83;4.1;0.319882;3.083118;0;0.0217314690587568;0.0257229185613326;0.120141998018177
41;1;24;15;100;11.5;5.06;6.44;0;0.0194996565911007;0.00462196127526218;0.265588815912145
28;2;0;7;29;13.3;2.148349;1.708651;1;0.739844454285654;0.758224583609614;0.314274841148005
31;1;7;11;41;30.7;2.995706;9.591294;1;0.739498668217328;0.719404557150261;0.819050570317462
41;2;6;1;19;6.3;0.124488;1.072512;0;0.15440128421325;0.260756584682649;0.154265727768891
36;1;7;17;40;9.9;1.69488;2.26512;0;0.116559266829865;0.0784044324166721;0.226582990088464
41;1;1;16;19;4.4;0.241604;0.594396;0;0.141027592596853;0.164085768344763;0.124378885097109
53;2;16;31;44;5.6;1.333024;1.130976;0;0.00264316158910259;0.0017289877877627;0.142624515618002
31;2;6;5;25;11.5;2.331625;0.543375;0;0.425117480109562;0.363858731494248;0.265588815912145
28;2;5;6;25;2.9;0.338575;0.386425;0;0.114908561574861;0.140524577718053;0.104422211934525
48;1;28;25;70;12.0;4.3344;4.0656;0;0.00230090900858265;0.00327810909632433;0.278621201773033
23;2;0;1;42;3.9;1.018836;0.619164;1;0.513925992295542;0.573794388653234;0.117387110612356
31;1;11;6;34;6.8;0.298248;2.013752;0;0.0400785478384696;0.0128445784989909;0.163048277810623
27;1;6;6;43;4.9;0.882833;1.224167;0;0.142367944626191;0.0457943992696313;0.131724949891918
43;1;11;17;37;1.3;0.179894;0.301106;0;0.00972778692319322;0.00344582452531111;0.086304627715115
29;2;5;7;28;18.7;2.125816;3.110184;0;0.573439482404402;0.493363743014012;0.482637792475104
53;1;6;7;27;6.4;0.594432;1.133568;1;0.12899667507103;0.45798444943145;0.155990731712526
38;1;4;9;19;13.6;1.245488;1.338512;0;0.359259240477917;0.353876687626427;0.32284587007031
30;1;12;10;38;8.5;0.17119;3.05881;0;0.0249323412470328;0.00668501077150786;0.19592336268882
28;3;2;0;20;9.4;0.23312;1.64688;1;0.422387550214371;0.417274777257236;0.215258347740376
36;1;11;2;33;32.5;1.26555;9.45945;0;0.492921784929974;0.459357981965784;0.851553661145915
48;1;15;5;60;2.1;0.3213;0.9387;0;0.0113536076486031;0.0364177140241956;0.0949774523057643
31;1;12;9;24;6.6;0.441936;1.142064;0;0.0266575097819903;0.0188298545875526;0.159487876633662
35;1;16;10;57;10.5;1.143135;4.841865;0;0.0197766715845847;0.0118583407373222;0.240719879471011
50;1;4;4;23;12.5;0.140875;2.734125;0;0.28856005964858;0.268133317468759;0.292038788109412
42;2;12;9;55;15.0;2.53275;5.71725;0;0.160004694441663;0.207225496732452;0.364366949296657
40;1;2;3;28;7.1;0.184884;1.803116;0;0.312733953973942;0.335673703316853;0.168508494102977
37;2;0;13;31;0.9;0.118017;0.160983;1;0.154439813138947;0.233322778946896;0.0822425118007411
31;3;6;8;54;2.8;0.402192;1.109808;0;0.0817339628961106;0.0952618495503443;0.103197745324591
38;1;11;13;35;8.0;1.2656;1.5344;0;0.0437504172953391;0.0150307048237088;0.185763039434584
35;1;15;1;77;10.6;5.501188;2.660812;0;0.395682696092858;0.352862764550154;0.243133697635996
44;1;24;10;101;5.6;2.992024;2.663976;0;0.00539347096259721;0.00137593929831104;0.142624515618002
44;2;21;14;113;13.2;3.192024;11.723976;0;0.0174824590465951;0.0177723355388229;0.311445369244008
33;1;0;12;23;0.9;0.077418;0.129582;0;0.162164224610614;0.0709734361885489;0.0822425118007411
35;1;7;14;29;4.9;0.264306;1.156694;0;0.0455320705802755;0.0153935008751125;0.131724949891918
36;3;10;4;43;13.0;0.96148;4.62852;0;0.136621643549118;0.210073250945935;0.30582859021282
23;2;3;4;24;6.3;0.55188;0.96012;0;0.274574171429019;0.305546260511027;0.154265727768891
27;1;0;7;18;12.8;0.582912;1.721088;0;0.525985165899973;0.28621590294392;0.300268933495266
34;1;6;1;20;1.2;0.04248;0.19752;0;0.0999626199709656;0.262585047506651;0.0852723816350024
35;1;0;5;34;11.1;1.369962;2.404038;1;0.638174661428536;0.65617044913338;0.255447474216885
24;2;4;4;20;3.7;0.32412;0.41588;0;0.171627763131203;0.197757803505967;0.114687159414884
48;1;30;8;101;6.4;1.87456;4.58944;0;8.41109672164176E-4;5.91555907836769E-4;0.155990731712526
26;2;8;1;40;11.8;0.44368;4.27632;0;0.17985599734687;0.180012060339347;0.273361375766833
40;1;6;9;36;2.1;0.390852;0.365148;1;0.0711902915770124;0.188448597957658;0.0949774523057643
34;1;9;8;48;9.3;0.419616;4.044384;0;0.071551663246706;0.0539672355213421;0.213043376128119
35;1;17;4;42;3.0;0.09324;1.16676;0;0.00723193916423059;0.0148538409124644;0.105659495410671
30;1;7;2;33;25.4;1.165098;7.216902;1;0.564101779056092;0.532724218664806;0.692611686311396
20;1;4;0;14;9.7;0.200984;1.157016;1;0.312145073039738;0.119565220748366;0.222003218251334
36;4;1;17;30;11.5;0.3243;3.1257;0;0.229003011714723;0.159674743523587;0.265588815912145
21;1;1;1;16;6.3;0.14112;0.86688;0;0.382731698657883;0.299956003750269;0.154265727768891
34;1;18;10;53;10.5;0.840315;4.724685;0;0.0103333788116865;0.0178749805024298;0.240719879471011
35;1;7;5;39;16.1;1.701609;4.577391;1;0.377688743927887;0.400253851945377;0.398509074529238
35;3;1;4;20;7.9;0.8532;0.7268;0;0.456991810311555;0.496680354856245;0.183780491732131
34;1;10;1;33;10.3;2.501664;0.897336;1;0.277740293150401;0.244809220224309;0.235941536859481
33;1;12;12;68;10.8;1.365984;5.978016;0;0.0501538815591966;0.0351755748416437;0.248010417755233
30;1;4;2;18;10.7;0.227268;1.698732;0;0.299585258226557;0.238627739507472;0.245563892199606
24;2;0;5;16;7.3;0.024528;1.143472;0;0.368444933292986;0.37735777033033;0.172229007335537
47;1;31;8;253;7.2;9.308376;8.907624;0;0.0477718241275046;0.0210343150221528;0.170360679895587
53;1;0;26;27;28.9;2.754459;5.048541;1;0.773074676236898;0.815202579578339;0.78125885330834
22;3;0;2;20;4.7;0.21902;0.72098;0;0.398143401034563;0.335897933053606;0.128743325737245
48;2;6;1;66;12.1;2.31594;5.67006;0;0.516782261820746;0.654408468767263;0.281274284360395
36;2;6;15;27;4.6;0.262062;0.979938;1;0.0517030788226776;0.0533856565303506;0.127274196819662
29;2;6;4;21;11.5;0.369495;2.045505;0;0.206713344623475;0.265625944799879;0.265588815912145
33;1;15;3;32;7.6;0.491264;1.940736;0;0.0236269916572269;0.00790774150567347;0.17793130940947
45;1;19;22;77;8.4;2.302608;4.165392;0;0.00589932050396104;0.00373452763671496;0.193858196359287
37;1;12;14;44;14.7;2.994684;3.473316;0;0.138690005437729;0.0945875149443613;0.355271939089127
36;1;16;13;32;10.9;0.544128;2.943872;;0.0114875527971704;0.00322806168135361;0.250473225436072
50;1;6;27;21;12.9;1.316574;1.392426;;0.0726114464992575;0.0327308980645512;0.303041555782365
40;1;9;9;33;17.0;4.8807;0.729299999999999;;0.643710459522148;0.834215121162002;0.427214320753891
31;1;5;7;23;2.0;0.046;0.414;;0.0854981599102597;0.066489348302383;0.0938521299241721
29;1;4;0;24;7.8;0.866736;1.005264;;0.359774799130073;0.329222861800376;0.181814378077261
25;2;1;3;14;9.9;0.232848;1.153152;;0.432872516685826;0.457541744134291;0.226582990088464
34;1;4;3;28;9.4;1.058064;1.573936;;0.361416584842561;0.397209190265332;0.215258347740376
50;1;30;8;150;32.5;13.5525;35.1975;;0.871607740258965;0.979314775117766;0.851553661145915
27;1;5;5;26;1.2;0.130416;0.181584;;0.0971204931858335;0.0335203915682403;0.0852723816350024
31;4;7;12;97;6.0;1.82748;3.99252;;0.131534690645045;0.0577719378349568;0.149184219573304
45;1;8;25;27;2.6;0.415584;0.286416;;0.0134482517259301;0.00978087013229768;0.100786887619104
35;1;10;8;28;1.3;0.109928;0.254072;;0.024380800462821;0.00872571524452195;0.086304627715115
47;2;27;7;107;6.1;1.638277;4.888723;;0.00160539769677082;0.00102707097646893;0.150862537804978
50;3;25;7;94;5.3;1.733736;3.248264;;0.00256431471801675;0.0035503681647804;0.137863960208698
37;2;15;11;108;11.8;5.250528;7.493472;;0.21863316088029;0.23771179660245;0.273361375766833
46;1;7;6;41;23.4;0.585234;9.008766;;0.359864977139988;0.298130458316168;0.633932218335982
26;4;1;5;92;13.0;6.50624;5.45376;;0.968799902806716;0.973735005586949;0.30582859021282
33;1;16;12;46;8.1;2.399544;1.326456;;0.0277146525837911;0.0136594609181145;0.187762054224547
43;1;8;0;32;19.0;1.23424;4.84576;;0.413972039309728;0.459898137933024;0.49250265225025
49;2;14;26;63;15.8;0.935676;9.018324;;0.0125046673259034;0.0143640118188468;0.389083502643099
44;1;2;15;22;9.6;1.091904;1.020096;;0.264652175283733;0.19080915349792;0.21973827701109
32;1;12;10;33;11.2;0.79464;2.90136;;0.0443285369286026;0.0819662082677841;0.257958800003834
38;1;5;4;20;1.5;0.0915;0.2085;;0.104873514080156;0.13403758609128;0.0884031218767908
52;1;33;23;139;5.6;2.288496;5.495504;;1.4195589004454E-4;4.30533207810918E-5;0.142624515618002
35;1;10;3;24;21.3;1.083744;4.028256;;0.276933770119825;0.523176943935466;0.567762416513288
33;4;4;12;22;5.5;0.56628;0.64372;;0.127142760861158;0.157315371502326;0.141022623460993
35;1;11;12;77;4.7;1.100176;2.518824;;0.0326302918070483;0.0181994906593028;0.128743325737245
34;2;9;3;40;1.6;0.37376;0.26624;;0.0540236499277268;0.0765587386277039;0.0894695595917783
39;1;19;16;53;3.7;0.190217;1.770783;;0.00189852521524438;0.00112026795820438;0.114687159414884
31;1;8;4;27;5.4;0.673596;0.784404;;0.10027032434908;0.0383557315083574;0.139435797002348
37;1;5;11;27;9.4;0.41877;2.11923;;0.138465093636883;0.14302069045465;0.215258347740376
44;1;19;9;40;10.9;0.34444;4.01556;;0.0068804278065953;0.00338017627798689;0.250473225436072
30;1;1;1;27;12.3;1.275264;2.045736;;0.668518576758208;0.698840795507246;0.286626307353922
37;1;18;9;58;10.3;2.86752;3.10648;;0.0343296919479264;0.0245419487698714;0.235941536859481
35;1;11;9;40;2.9;0.57188;0.58812;;0.0264113320955352;0.017635706187234;0.104422211934525
43;1;4;11;26;7.1;0.751322;1.094678;;0.168266827996484;0.0983244492682613;0.168508494102977
26;1;0;5;17;5.0;0.14195;0.70805;;0.337462129665869;0.247031922391965;0.133237610593936
35;1;13;4;42;17.6;0.768768;6.623232;;0.0931446621664986;0.0797409267786159;0.446640081169066
24;1;4;0;19;11.0;1.18503;0.90497;;0.472152160034313;0.431557704890168;0.25295226288355
24;1;4;1;23;4.9;0.242305;0.884695;;0.219024850717047;0.0860479596051871;0.131724949891918
26;3;3;1;40;10.8;1.89648;2.42352;;0.608223780647997;0.559305739654633;0.248010417755233
34;1;10;12;48;5.1;0.264384;2.183616;;0.0268481737218662;0.0509232149688491;0.134764945811939
44;4;18;23;78;1.0;0.56472;0.21528;;0.00133881836177851;0.00100716595517631;0.0832414181511441
46;1;9;6;72;5.0;0.828;2.772;;0.0726857580811996;0.0798246006414922;0.133237610593936
40;1;17;5;55;11.4;2.12553;4.14447;;0.0432188671971566;0.0209983262721194;0.263029539285341
37;4;2;1;29;15.4;2.782318;1.683682;;0.831466994067896;0.912916908629694;0.376644986754052
35;3;5;13;30;10.6;1.5264;1.6536;;0.222700416952237;0.186369972585151;0.243133697635996
46;2;18;18;55;4.4;0.41866;2.00134;;0.00249246767214041;0.00230566397856322;0.124378885097109
40;3;5;18;28;10.0;1.2628;1.5372;;0.134676466412711;0.18692763469663;0.228897785847298
48;2;21;14;86;1.2;0.145512;0.886488;;0.0010756380342207;9.16377618718263E-4;0.0852723816350024
53;1;33;25;324;7.0;7.05348;15.62652;;0.00209011739568821;5.15441417643427E-4;0.166672400022865
45;3;9;0;84;13.1;1.276464;9.727536;;0.252231578813068;0.493796921638055;0.308629906178795
32;3;6;12;22;6.7;0.384714;1.089286;;0.0824303599805068;0.0610970298490689;0.161260140498931
43;1;15;21;62;9.4;0.693532;5.134468;;0.00732511282226223;0.00534853436362729;0.215258347740376
29;2;3;9;32;9.0;1.07136;1.80864;;0.301159194696143;0.353954144869774;0.206498469635316
47;2;7;24;49;0.9;0.253575;0.187425;;0.0145657836766771;0.0111811485762321;0.0822425118007411
21;2;1;0;17;10.5;0.555135;1.229865;;0.55261089536641;0.555720460750043;0.240719879471011
30;1;0;2;20;5.4;0.62208;0.45792;;0.469919444131368;0.506007023568465;0.139435797002348
25;3;3;2;54;7.4;1.162836;2.833164;;0.410505394754055;0.469360105682629;0.1741135244113
27;1;6;2;52;13.8;1.90164;5.27436;;0.47466392516548;0.401353327897845;0.328627227393458
36;1;4;17;25;4.0;0.144;0.856;;0.0625583701544497;0.0541103123023765;0.118757642677076
35;1;12;3;30;15.4;1.89882;2.72118;;0.182626310926696;0.0808330845733412;0.376644986754052
33;1;11;6;35;15.9;0.506415;5.058585;;0.0950475595041196;0.0618106811509883;0.392216536734221
21;3;0;1;41;19.5;2.36652;5.62848;;0.900688456056387;0.877788274695845;0.508953268502707
44;1;18;0;61;10.8;2.806488;3.781512;;0.0693678624690985;0.0354529675348618;0.248010417755233
37;1;19;7;38;13.5;2.59065;2.53935;;0.0358082501342772;0.0193286869079159;0.319975239349056
27;1;5;7;26;6.8;0.54808;1.21992;;0.159961564323207;0.0554642658667727;0.163048277810623
37;2;11;11;47;9.6;1.597248;2.914752;;0.0697350367842396;0.0513822486670596;0.21973827701109
48;2;9;22;44;5.9;2.133912;0.462088;;0.0466037460388233;0.0538613410108856;0.147521328601
30;1;4;2;21;3.5;0.228585;0.506415;;0.184818221319151;0.190193472488181;0.112041425041299
22;4;0;1;25;12.2;1.49145;1.55855;;0.742525782238642;0.621182991311205;0.283942686237709
39;2;18;18;47;7.6;1.564536;2.007464;;0.00634988468386346;0.00585184865054411;0.17793130940947
26;1;5;6;18;15.5;0.57474;2.21526;;0.3112947494435;0.195343826519157;0.379740119687955
29;2;9;8;30;21.7;3.6456;2.8644;;0.5938474589932;0.474934080027651;0.580633493942323
47;1;29;20;169;2.2;0.349492;3.368508;;1.16573069192773E-4;3.86872421560466E-5;0.0961148365238271
33;2;5;2;37;8.4;1.028748;2.079252;;0.302454221214931;0.367428742600885;0.193858196359287
23;2;2;2;48;7.5;0.5112;3.0888;;0.381346240289106;0.430253211685295;0.176014277117858
25;2;5;5;35;16.5;1.969275;3.805725;;0.543515861214242;0.439979050113993;0.411193343631029
34;1;4;6;23;5.6;0.616952;0.671048;;0.197637349122878;0.182275857174583;0.142624515618002
56;1;19;26;66;3.3;0.847242;1.330758;;0.00118590208028199;8.23024620106162E-4;0.109449179895879
32;1;7;10;23;9.8;0.861028;1.392972;;0.125282666387958;0.0896880910793482;0.224284794561537
27;3;0;4;50;14.7;1.0437;6.3063;;0.685574080111176;0.668873133198848;0.355271939089127
41;2;6;7;36;13.9;1.486188;3.517812;;0.323685640116278;0.43709583273108;0.33153763574231
30;1;8;11;27;20.3;3.743523;1.737477;;0.57720053295279;0.442237033885496;0.535219220583298
38;4;13;2;126;13.7;7.612542;9.649458;;0.812127269486768;0.726539746725243;0.325729918501149
31;1;6;1;45;7.3;0.58473;2.70027;;0.206114805041342;0.206831180596397;0.172229007335537
37;3;16;8;75;0.1;0.02205;0.05295;;0.00496117780099533;0.00487685642182965;0.0746366702653457
30;2;2;2;26;3.8;0.248976;0.739024;;0.276742413405469;0.389665616713584;0.116030312744454
44;2;8;18;43;5.0;0.5547;1.5953;;0.0312164736388365;0.0262345783826863;0.133237610593936
25;2;5;3;42;15.5;3.36567;3.14433;;0.740556147038671;0.659006379004975;0.379740119687955
33;2;10;2;54;3.0;0.11988;1.50012;;0.0453884086493917;0.0345765938037025;0.105659495410671
25;1;3;5;31;8.1;0.881361;1.629639;;0.330680024929408;0.245509955760754;0.187762054224547
45;1;14;26;46;5.1;1.262148;1.083852;;0.00590252874464266;0.00158330778171002;0.134764945811939
23;1;6;2;15;12.7;1.37541;0.52959;;0.377528153414041;0.234305226183715;0.297510850128549
43;1;24;22;254;7.7;7.001764;12.556236;;0.0239120469401281;0.00690173531162631;0.179864663152346
38;2;12;14;40;5.1;0.8976;1.1424;;0.0203284142102731;0.0238350974967591;0.134764945811939
24;1;1;4;16;7.2;0.877824;0.274176;;0.44518716489421;0.212526154397922;0.170360679895587
29;2;2;4;16;10.5;0.43344;1.24656;;0.395061442243068;0.443300763668651;0.240719879471011
40;1;23;16;81;10.9;0.997677;7.831323;;0.00215678544962361;0.00110162115795492;0.250473225436072
47;1;3;1;21;15.4;0.067914;3.166086;;0.449699066931754;0.475153913216383;0.376644986754052
24;1;1;5;16;9.2;0.185472;1.286528;;0.372486404378013;0.25505116972065;0.210845072506912
35;2;0;6;35;12.4;2.38266;1.95734;;0.76516809902048;0.82969166847384;0.289325043862157
38;1;1;9;42;9.1;0.890526;2.931474;;0.389033008777821;0.442995405592833;0.208663437695647
48;1;10;0;70;28.2;10.67934;9.06066;;0.995464673902263;0.997603610360434;0.765106985814751
35;2;12;12;64;15.0;1.4496;8.1504;;0.0742908287509285;0.0923421824635784;0.364366949296657
27;1;11;1;21;11.4;0.914508;1.479492;;0.118090242210175;0.217312039659988;0.263029539285341
47;3;16;7;266;2.0;2.19184;3.12816;;0.0216915796518112;0.0086428973332528;0.0938521299241721
31;1;3;5;16;32.3;3.064624;2.103376;;0.935952881493168;0.920684919946367;0.848195232153109
30;1;12;4;40;7.0;1.2488;1.5512;;0.0633402309763558;0.0475027706686358;0.166672400022865
29;2;10;3;61;6.2;0.798002;2.983998;;0.0789806962338602;0.0893420986547763;0.15255635158718
26;4;1;6;64;23.3;7.75424;7.15776;;0.993163632864469;0.989106556840621;0.630872534500338
38;1;21;17;65;16.8;2.53344;8.38656;;0.0129674024672913;0.00691941785026172;0.420785610041537
45;1;7;17;29;6.1;0.739442;1.029558;;0.0517447073586831;0.0406865311616249;0.150862537804978
29;1;3;10;23;9.3;1.103724;1.035276;;0.29359137121906;0.250716602650721;0.213043376128119
52;1;17;4;73;8.7;1.054266;5.296734;;0.0204681616344355;0.0128222656950179;0.200103503133251
24;1;1;0;20;4.1;0.32472;0.49528;;0.380905151869839;0.326936557635287;0.120141998018177
33;2;8;13;27;9.8;1.645812;1.000188;;0.121320652468226;0.0811588815575284;0.224284794561537
38;2;0;18;21;4.6;0.612444;0.353556;;0.182943604778234;0.216316444129665;0.127274196819662
26;1;0;2;15;5.4;0.38556;0.42444;;0.43634891341279;0.277697706098829;0.139435797002348
26;1;2;5;22;6.4;0.236544;1.171456;;0.272486173441989;0.243586968548947;0.155990731712526
35;1;16;0;37;17.2;4.212968;2.151032;;0.322910640795487;0.269612205778299;0.433667711732591
43;1;9;8;66;8.8;2.340624;3.467376;;0.181458939580627;0.0948322382190465;0.202218511407737
45;3;8;1;140;13.9;4.1839;15.2761;;0.692359985829709;0.8702196494666;0.33153763574231
24;1;5;1;46;3.8;0.529644;1.218356;;0.190555501840471;0.148780874640466;0.116030312744454
44;3;7;16;78;10.5;3.15315;5.03685;;0.258144912857903;0.248261679444897;0.240719879471011
29;2;0;7;23;8.0;1.242;0.598;;0.514498689413868;0.549671158345981;0.185763039434584
22;2;0;0;14;17.1;0.241794;2.152206;;0.701999834161095;0.718467762752122;0.430438062072136
38;1;16;8;37;8.6;0.082732;3.099268;;0.0108133459895521;0.00649061349404582;0.198005125485801
46;1;6;19;30;17.6;1.41504;3.86496;;0.193720764705047;0.433767613755612;0.446640081169066
46;4;7;16;73;1.1;0.555676;0.247324;;0.0331280205194353;0.0213581400506595;0.084251343295237
32;1;13;11;25;7.5;0.59625;1.27875;;0.0211468106301222;0.00998413523627858;0.176014277117858
39;3;16;10;126;6.8;1.405152;7.162848;;0.0166307958958532;0.0175882377853097;0.163048277810623
40;2;15;19;138;4.1;1.222128;4.435872;;0.00730741085628833;0.00536010249653927;0.120141998018177
47;1;16;19;110;12.6;5.8212;8.0388;;0.145716002418872;0.109314734419713;0.294767428627967
28;1;10;1;42;8.6;1.04748;2.56452;;0.125758164757753;0.0443098516374079;0.198005125485801
36;1;19;8;45;12.1;0.920205;4.524795;;0.0114857883378119;0.00847335675188824;0.281274284360395
41;2;13;1;93;14.7;9.542358;4.128642;;0.939299671283589;0.939483630665427;0.355271939089127
31;2;12;8;44;9.6;1.867008;2.356992;;0.0805382525182212;0.0686676398013664;0.21973827701109
39;1;20;8;116;4.1;2.240076;2.515924;;0.00949415348266118;0.00449848701969255;0.120141998018177
37;1;4;10;24;14.2;0.419184;2.988816;;0.253442260099545;0.505627217533414;0.340345791526492
35;2;11;1;62;32.4;9.702504;10.385496;;0.992448759236448;0.996295256555705;0.849882179399862
35;4;10;12;45;8.5;1.0404;2.7846;;0.0549102349598245;0.029253740393278;0.19592336268882
51;4;15;30;26;13.6;2.011984;1.524016;;0.0108346329612687;0.0124393138776025;0.32284587007031
36;1;5;2;27;7.0;0.72387;1.16613;;0.243440987445041;0.220707664633009;0.166672400022865
23;1;3;4;13;3.1;0.045539;0.357461;;0.175936717818206;0.31112098091758;0.106909689191686
34;1;12;15;32;2.7;0.239328;0.624672;;0.0105036658399514;0.0057164185706367;0.101986001870756
32;2;12;11;116;5.7;4.026708;2.585292;;0.1436218639377;0.114885061220468;0.144241548322777
48;1;13;11;38;10.8;0.722304;3.381696;;0.0301374981044824;0.0325702625943738;0.248010417755233
35;2;1;11;24;7.8;0.417456;1.454544;;0.269003451016994;0.378546496369732;0.181814378077261
37;1;20;13;41;12.9;0.89913;4.38987;;0.00639781291880923;0.0111731232851226;0.303041555782365
