<?xml version="1.0" encoding="UTF-8"?>
<config xmlns="http://www.knime.org/2008/09/XMLConfig" xmlns:xsi="http://www.w3.org/2001/XMLSchema-instance" xsi:schemaLocation="http://www.knime.org/2008/09/XMLConfig http://www.knime.org/XMLConfig_2008_09.xsd" key="model.xml">
<entry key="version" type="xint" value="1"/>
<entry key="class_name" type="xstring" value="org.knime.base.data.normalize.NormalizerPortObject"/>
<config key="model">
<config key="columns">
<config key="MONTH">
<entry key="column_name" type="xstring" value="MONTH"/>
<entry key="column_scale" type="xdouble" value="0.09090909090909091"/>
<entry key="column_translate" type="xdouble" value="-0.09090909090909091"/>
<entry key="column_min" type="xdouble" value="0.0"/>
<entry key="column_max" type="xdouble" value="1.0"/>
</config>
<config key="WKDY_I">
<entry key="column_name" type="xstring" value="WKDY_I"/>
<entry key="column_scale" type="xdouble" value="0.16666666666666666"/>
<entry key="column_translate" type="xdouble" value="-0.16666666666666666"/>
<entry key="column_min" type="xdouble" value="0.0"/>
<entry key="column_max" type="xdouble" value="1.0"/>
</config>
<config key="HOUR_I">
<entry key="column_name" type="xstring" value="HOUR_I"/>
<entry key="column_scale" type="xdouble" value="0.041666666666666664"/>
<entry key="column_translate" type="xdouble" value="0.0"/>
<entry key="column_min" type="xdouble" value="0.0"/>
<entry key="column_max" type="xdouble" value="1.0"/>
</config>
<config key="VEH_INVL">
<entry key="column_name" type="xstring" value="VEH_INVL"/>
<entry key="column_scale" type="xdouble" value="0.1111111111111111"/>
<entry key="column_translate" type="xdouble" value="-0.1111111111111111"/>
<entry key="column_min" type="xdouble" value="0.0"/>
<entry key="column_max" type="xdouble" value="1.0"/>
</config>
<config key="NON_INVL">
<entry key="column_name" type="xstring" value="NON_INVL"/>
<entry key="column_scale" type="xdouble" value="0.05263157894736842"/>
<entry key="column_translate" type="xdouble" value="0.0"/>
<entry key="column_min" type="xdouble" value="0.0"/>
<entry key="column_max" type="xdouble" value="1.0"/>
</config>
<config key="LAND_USE">
<entry key="column_name" type="xstring" value="LAND_USE"/>
<entry key="column_scale" type="xdouble" value="0.14285714285714285"/>
<entry key="column_translate" type="xdouble" value="-0.14285714285714285"/>
<entry key="column_min" type="xdouble" value="0.0"/>
<entry key="column_max" type="xdouble" value="1.0"/>
</config>
<config key="MANCOL_I">
<entry key="column_name" type="xstring" value="MANCOL_I"/>
<entry key="column_scale" type="xdouble" value="0.16666666666666666"/>
<entry key="column_translate" type="xdouble" value="0.0"/>
<entry key="column_min" type="xdouble" value="0.0"/>
<entry key="column_max" type="xdouble" value="1.0"/>
</config>
<config key="INT_HWY">
<entry key="column_name" type="xstring" value="INT_HWY"/>
<entry key="column_scale" type="xdouble" value="1.0"/>
<entry key="column_translate" type="xdouble" value="0.0"/>
<entry key="column_min" type="xdouble" value="0.0"/>
<entry key="column_max" type="xdouble" value="1.0"/>
</config>
<config key="REL_JCT">
<entry key="column_name" type="xstring" value="REL_JCT"/>
<entry key="column_scale" type="xdouble" value="0.010101010101010102"/>
<entry key="column_translate" type="xdouble" value="0.0"/>
<entry key="column_min" type="xdouble" value="0.0"/>
<entry key="column_max" type="xdouble" value="1.0"/>
</config>
<config key="REL_RWY">
<entry key="column_name" type="xstring" value="REL_RWY"/>
<entry key="column_scale" type="xdouble" value="0.01020408163265306"/>
<entry key="column_translate" type="xdouble" value="-0.01020408163265306"/>
<entry key="column_min" type="xdouble" value="0.0"/>
<entry key="column_max" type="xdouble" value="1.0"/>
</config>
<config key="TRAF_WAY">
<entry key="column_name" type="xstring" value="TRAF_WAY"/>
<entry key="column_scale" type="xdouble" value="0.125"/>
<entry key="column_translate" type="xdouble" value="-0.125"/>
<entry key="column_min" type="xdouble" value="0.0"/>
<entry key="column_max" type="xdouble" value="1.0"/>
</config>
<config key="NUM_LAN">
<entry key="column_name" type="xstring" value="NUM_LAN"/>
<entry key="column_scale" type="xdouble" value="0.125"/>
<entry key="column_translate" type="xdouble" value="-0.125"/>
<entry key="column_min" type="xdouble" value="0.0"/>
<entry key="column_max" type="xdouble" value="1.0"/>
</config>
<config key="ALIGN_I">
<entry key="column_name" type="xstring" value="ALIGN_I"/>
<entry key="column_scale" type="xdouble" value="1.0"/>
<entry key="column_translate" type="xdouble" value="-1.0"/>
<entry key="column_min" type="xdouble" value="0.0"/>
<entry key="column_max" type="xdouble" value="1.0"/>
</config>
<config key="PROFIL_I">
<entry key="column_name" type="xstring" value="PROFIL_I"/>
<entry key="column_scale" type="xdouble" value="0.14285714285714285"/>
<entry key="column_translate" type="xdouble" value="-0.14285714285714285"/>
<entry key="column_min" type="xdouble" value="0.0"/>
<entry key="column_max" type="xdouble" value="1.0"/>
</config>
<config key="SURCON_I">
<entry key="column_name" type="xstring" value="SURCON_I"/>
<entry key="column_scale" type="xdouble" value="0.14285714285714285"/>
<entry key="column_translate" type="xdouble" value="-0.14285714285714285"/>
<entry key="column_min" type="xdouble" value="0.0"/>
<entry key="column_max" type="xdouble" value="1.0"/>
</config>
<config key="TRFCON_I">
<entry key="column_name" type="xstring" value="TRFCON_I"/>
<entry key="column_scale" type="xdouble" value="0.016129032258064516"/>
<entry key="column_translate" type="xdouble" value="0.0"/>
<entry key="column_min" type="xdouble" value="0.0"/>
<entry key="column_max" type="xdouble" value="1.0"/>
</config>
<config key="SPDLIM_H">
<entry key="column_name" type="xstring" value="SPDLIM_H"/>
<entry key="column_scale" type="xdouble" value="0.013333333333333334"/>
<entry key="column_translate" type="xdouble" value="0.0"/>
<entry key="column_min" type="xdouble" value="0.0"/>
<entry key="column_max" type="xdouble" value="1.0"/>
</config>
<config key="LGTCON_I">
<entry key="column_name" type="xstring" value="LGTCON_I"/>
<entry key="column_scale" type="xdouble" value="0.25"/>
<entry key="column_translate" type="xdouble" value="-0.25"/>
<entry key="column_min" type="xdouble" value="0.0"/>
<entry key="column_max" type="xdouble" value="1.0"/>
</config>
<config key="WEATHR_I">
<entry key="column_name" type="xstring" value="WEATHR_I"/>
<entry key="column_scale" type="xdouble" value="0.14285714285714285"/>
<entry key="column_translate" type="xdouble" value="-0.14285714285714285"/>
<entry key="column_min" type="xdouble" value="0.0"/>
<entry key="column_max" type="xdouble" value="1.0"/>
</config>
<config key="SCHL_BUS">
<entry key="column_name" type="xstring" value="SCHL_BUS"/>
<entry key="column_scale" type="xdouble" value="1.0"/>
<entry key="column_translate" type="xdouble" value="0.0"/>
<entry key="column_min" type="xdouble" value="0.0"/>
<entry key="column_max" type="xdouble" value="1.0"/>
</config>
<config key="PED_ACC">
<entry key="column_name" type="xstring" value="PED_ACC"/>
<entry key="column_scale" type="xdouble" value="5.291005291005291E-4"/>
<entry key="column_translate" type="xdouble" value="0.0"/>
<entry key="column_min" type="xdouble" value="0.0"/>
<entry key="column_max" type="xdouble" value="1.0"/>
</config>
<config key="ALCHL_I">
<entry key="column_name" type="xstring" value="ALCHL_I"/>
<entry key="column_scale" type="xdouble" value="0.14285714285714285"/>
<entry key="column_translate" type="xdouble" value="-0.14285714285714285"/>
<entry key="column_min" type="xdouble" value="0.0"/>
<entry key="column_max" type="xdouble" value="1.0"/>
</config>
<config key="REGION">
<entry key="column_name" type="xstring" value="REGION"/>
<entry key="column_scale" type="xdouble" value="0.3333333333333333"/>
<entry key="column_translate" type="xdouble" value="-0.3333333333333333"/>
<entry key="column_min" type="xdouble" value="0.0"/>
<entry key="column_max" type="xdouble" value="1.0"/>
</config>
<config key="WRK_ZONE">
<entry key="column_name" type="xstring" value="WRK_ZONE"/>
<entry key="column_scale" type="xdouble" value="1.0"/>
<entry key="column_translate" type="xdouble" value="0.0"/>
<entry key="column_min" type="xdouble" value="0.0"/>
<entry key="column_max" type="xdouble" value="1.0"/>
</config>
</config>
<entry key="summary" type="xstring" value="Min/Max (0.0, 1) normalization on 24 column(s)"/>
</config>
</config>
