
{
    "version": "4.3.0.v202012022156",
    "created": "2020-12-27 19:24",
    "nodestats": {
        "nodes": [
            {
                "id": "org.knime.base.node.io.arffreader.ARFFReaderNodeFactory#ARFF Reader",
                "nrexecs": 9,
                "nrfails": 0,
                "exectime": 480,
                "nrcreated": 1,
                "successor": "org.knime.base.collection.list.create2.CollectionCreate2NodeFactory#Create Collection Column"
            },
            {
                "id": "org.knime.ext.weka37.associator.WekaAssociatorNodeFactory#Apriori (3.7)",
                "nrexecs": 5,
                "nrfails": 5,
                "exectime": 422,
                "nrcreated": 1,
                "successor": "n/a"
            },
            {
                "id": "org.knime.base.node.preproc.filter.column.DataColumnSpecFilterNodeFactory#Column Filter",
                "nrexecs": 162,
                "nrfails": 0,
                "exectime": 142,
                "nrcreated": 4,
                "successor": "org.knime.base.node.preproc.filter.column.DataColumnSpecFilterNodeFactory#Column Filter"
            },
            {
                "id": "org.knime.base.collection.list.create2.CollectionCreate2NodeFactory#Create Collection Column",
                "nrexecs": 131,
                "nrfails": 0,
                "exectime": 5194,
                "nrcreated": 3,
                "successor": "org.knime.base.node.mine.subgroupminer.SubgroupMinerFactory2#Association Rule Learner"
            },
            {
                "id": "org.knime.base.node.mine.subgroupminer.SubgroupMinerFactory2#Association Rule Learner",
                "nrexecs": 127,
                "nrfails": 0,
                "exectime": 33953,
                "nrcreated": 2,
                "successor": "org.knime.ext.md.RuleViewerNodeFactory#Rule Viewer (local)"
            },
            {
                "id": "org.knime.ext.itemset.nodes.miner.ItemSetMinerNodeFactory#Item Set Finder (Borgelt)",
                "nrexecs": 120,
                "nrfails": 0,
                "exectime": 24419,
                "nrcreated": 1,
                "successor": "org.knime.ext.md.RuleViewerNodeFactory#Rule Viewer (local)"
            },
            {
                "id": "org.knime.ext.md.RuleViewerNodeFactory#Rule Viewer (local)",
                "nrexecs": 127,
                "nrfails": 1,
                "exectime": 52,
                "nrcreated": 2,
                "successor": "n/a"
            },
            {
                "id": "org.knime.ext.poi3.node.io.filehandling.excel.reader.ExcelTableReaderNodeFactory#Excel Reader",
                "nrexecs": 3,
                "nrfails": 0,
                "exectime": 1178,
                "nrcreated": 1,
                "successor": "org.knime.base.node.preproc.filter.column.DataColumnSpecFilterNodeFactory#Column Filter"
            },
            {
                "id": "org.knime.base.node.preproc.colconvert.numbertostring2.NumberToString2NodeFactory#Number To String",
                "nrexecs": 4,
                "nrfails": 0,
                "exectime": 105,
                "nrcreated": 1,
                "successor": "org.knime.base.node.preproc.stringreplacer.StringReplacerNodeFactory#String Replacer"
            },
            {
                "id": "org.knime.base.node.preproc.stringreplacer.StringReplacerNodeFactory#String Replacer",
                "nrexecs": 0,
                "nrfails": 0,
                "exectime": 0,
                "nrcreated": 1,
                "successor": "n/a"
            },
            {
                "id": "org.knime.base.node.preproc.stringmanipulation.StringManipulationNodeFactory#String Manipulation",
                "nrexecs": 132,
                "nrfails": 0,
                "exectime": 3916,
                "nrcreated": 1,
                "successor": "org.knime.base.node.preproc.joiner.Joiner2NodeFactory#Joiner"
            },
            {
                "id": "org.knime.base.node.stats.outlier.handler.NumericOutliersNodeFactory#Numeric Outliers",
                "nrexecs": 0,
                "nrfails": 0,
                "exectime": 0,
                "nrcreated": 1,
                "successor": "n/a"
            },
            {
                "id": "org.knime.base.node.mine.cluster.kmeans.ClusterNodeFactory2#k-Means",
                "nrexecs": 47,
                "nrfails": 0,
                "exectime": 3259,
                "nrcreated": 1,
                "successor": "org.knime.base.node.mine.cluster.assign.ClusterAssignerNodeFactory#Cluster Assigner"
            },
            {
                "id": "org.knime.base.node.mine.cluster.assign.ClusterAssignerNodeFactory#Cluster Assigner",
                "nrexecs": 45,
                "nrfails": 0,
                "exectime": 2432,
                "nrcreated": 1,
                "successor": "org.knime.base.node.preproc.stringmanipulation.StringManipulationNodeFactory#String Manipulation"
            },
            {
                "id": "org.knime.base.node.preproc.joiner.Joiner2NodeFactory#Joiner",
                "nrexecs": 108,
                "nrfails": 0,
                "exectime": 5865,
                "nrcreated": 1,
                "successor": "org.knime.base.node.preproc.joiner.Joiner2NodeFactory#Joiner"
            },
            {
                "id": "org.knime.base.node.preproc.pmml.numbertostring3.NumberToString3NodeFactory#Number To String (PMML)",
                "nrexecs": 2,
                "nrfails": 0,
                "exectime": 37,
                "nrcreated": 1,
                "successor": "org.knime.base.node.mine.cluster.kmeans.ClusterNodeFactory2#k-Means"
            }
        ],
        "metaNodes": {
        },
        "wrappedNodes": {
        }
    },
    "uptime": 37201919,
    "workflowsOpened": 1,
    "remoteWorkflowsOpened": 0,
    "workflowsImported": 1,
    "workflowsExported": 0,
    "launches": 4,
    "lastApplicationID": "org.knime.product.KNIME_APPLICATION",
    "timeSinceLastStart": 3231318,
    "crashes": 0,
    "properlyShutDown": true
}