<?xml version="1.0" encoding="UTF-8"?>
<config xmlns="http://www.knime.org/2008/09/XMLConfig" xmlns:xsi="http://www.w3.org/2001/XMLSchema-instance" xsi:schemaLocation="http://www.knime.org/2008/09/XMLConfig http://www.knime.org/XMLConfig_2008_09.xsd" key="MiningSchema">
<config key="learning">
<entry key="array-size" type="xint" value="13"/>
<entry key="0" type="xstring" value="MONTH"/>
<entry key="1" type="xstring" value="VEH_INVL"/>
<entry key="2" type="xstring" value="NON_INVL"/>
<entry key="3" type="xstring" value="LAND_USE"/>
<entry key="4" type="xstring" value="MAN_COL"/>
<entry key="5" type="xstring" value="REL_JCT"/>
<entry key="6" type="xstring" value="REL_RWY"/>
<entry key="7" type="xstring" value="NUM_LAN"/>
<entry key="8" type="xstring" value="ALIGN"/>
<entry key="9" type="xstring" value="TRAF_CON"/>
<entry key="10" type="xstring" value="SCHL_BUS"/>
<entry key="11" type="xstring" value="REGION"/>
<entry key="12" type="xstring" value="WRK_ZONE"/>
</config>
<config key="target">
<entry key="array-size" type="xint" value="1"/>
<entry key="0" type="xstring" value="PREDICT"/>
</config>
</config>
