<?xml version="1.0" encoding="UTF-8"?>
<config xmlns="http://www.knime.org/2008/09/XMLConfig" xmlns:xsi="http://www.w3.org/2001/XMLSchema-instance" xsi:schemaLocation="http://www.knime.org/2008/09/XMLConfig http://www.knime.org/XMLConfig_2008_09.xsd" key="model.xml">
<entry key="version" type="xint" value="1"/>
<entry key="class_name" type="xstring" value="org.knime.base.node.preproc.discretization.caim2.DiscretizationModel"/>
<config key="model">
<config key="DiscretizationSchemes">
<config key="Scheme_HOUR_I">
<config key="Interval_0">
<entry key="LeftBound" type="xdouble" value="0.0"/>
<entry key="RightBound" type="xdouble" value="20.5"/>
<entry key="IncludeLeft" type="xboolean" value="true"/>
<entry key="IncludeRight" type="xboolean" value="true"/>
</config>
<config key="Interval_1">
<entry key="LeftBound" type="xdouble" value="20.5"/>
<entry key="RightBound" type="xdouble" value="21.5"/>
<entry key="IncludeLeft" type="xboolean" value="false"/>
<entry key="IncludeRight" type="xboolean" value="true"/>
</config>
<config key="Interval_2">
<entry key="LeftBound" type="xdouble" value="21.5"/>
<entry key="RightBound" type="xdouble" value="24.0"/>
<entry key="IncludeLeft" type="xboolean" value="false"/>
<entry key="IncludeRight" type="xboolean" value="true"/>
</config>
</config>
</config>
</config>
</config>
