<?xml version="1.0" encoding="UTF-8"?>
<config xmlns="http://www.knime.org/2008/09/XMLConfig" xmlns:xsi="http://www.w3.org/2001/XMLSchema-instance" xsi:schemaLocation="http://www.knime.org/2008/09/XMLConfig http://www.knime.org/XMLConfig_2008_09.xsd" key="model.xml">
<entry key="version" type="xint" value="1"/>
<entry key="class_name" type="xstring" value="org.knime.base.node.preproc.discretization.caim2.DiscretizationModel"/>
<config key="model">
<config key="DiscretizationSchemes">
<config key="Scheme_MONTH">
<config key="Interval_0">
<entry key="LeftBound" type="xdouble" value="1.0"/>
<entry key="RightBound" type="xdouble" value="3.5"/>
<entry key="IncludeLeft" type="xboolean" value="true"/>
<entry key="IncludeRight" type="xboolean" value="true"/>
</config>
<config key="Interval_1">
<entry key="LeftBound" type="xdouble" value="3.5"/>
<entry key="RightBound" type="xdouble" value="10.5"/>
<entry key="IncludeLeft" type="xboolean" value="false"/>
<entry key="IncludeRight" type="xboolean" value="true"/>
</config>
<config key="Interval_2">
<entry key="LeftBound" type="xdouble" value="10.5"/>
<entry key="RightBound" type="xdouble" value="12.0"/>
<entry key="IncludeLeft" type="xboolean" value="false"/>
<entry key="IncludeRight" type="xboolean" value="true"/>
</config>
</config>
<config key="Scheme_WKDY_I">
<config key="Interval_0">
<entry key="LeftBound" type="xdouble" value="1.0"/>
<entry key="RightBound" type="xdouble" value="1.5"/>
<entry key="IncludeLeft" type="xboolean" value="true"/>
<entry key="IncludeRight" type="xboolean" value="true"/>
</config>
<config key="Interval_1">
<entry key="LeftBound" type="xdouble" value="1.5"/>
<entry key="RightBound" type="xdouble" value="6.5"/>
<entry key="IncludeLeft" type="xboolean" value="false"/>
<entry key="IncludeRight" type="xboolean" value="true"/>
</config>
<config key="Interval_2">
<entry key="LeftBound" type="xdouble" value="6.5"/>
<entry key="RightBound" type="xdouble" value="7.0"/>
<entry key="IncludeLeft" type="xboolean" value="false"/>
<entry key="IncludeRight" type="xboolean" value="true"/>
</config>
</config>
<config key="Scheme_HOUR_I">
<config key="Interval_0">
<entry key="LeftBound" type="xdouble" value="0.0"/>
<entry key="RightBound" type="xdouble" value="22.5"/>
<entry key="IncludeLeft" type="xboolean" value="true"/>
<entry key="IncludeRight" type="xboolean" value="true"/>
</config>
<config key="Interval_1">
<entry key="LeftBound" type="xdouble" value="22.5"/>
<entry key="RightBound" type="xdouble" value="23.5"/>
<entry key="IncludeLeft" type="xboolean" value="false"/>
<entry key="IncludeRight" type="xboolean" value="true"/>
</config>
<config key="Interval_2">
<entry key="LeftBound" type="xdouble" value="23.5"/>
<entry key="RightBound" type="xdouble" value="24.0"/>
<entry key="IncludeLeft" type="xboolean" value="false"/>
<entry key="IncludeRight" type="xboolean" value="true"/>
</config>
</config>
<config key="Scheme_VEH_INVL">
<config key="Interval_0">
<entry key="LeftBound" type="xdouble" value="1.0"/>
<entry key="RightBound" type="xdouble" value="1.5"/>
<entry key="IncludeLeft" type="xboolean" value="true"/>
<entry key="IncludeRight" type="xboolean" value="true"/>
</config>
<config key="Interval_1">
<entry key="LeftBound" type="xdouble" value="1.5"/>
<entry key="RightBound" type="xdouble" value="2.5"/>
<entry key="IncludeLeft" type="xboolean" value="false"/>
<entry key="IncludeRight" type="xboolean" value="true"/>
</config>
<config key="Interval_2">
<entry key="LeftBound" type="xdouble" value="2.5"/>
<entry key="RightBound" type="xdouble" value="23.0"/>
<entry key="IncludeLeft" type="xboolean" value="false"/>
<entry key="IncludeRight" type="xboolean" value="true"/>
</config>
</config>
<config key="Scheme_NON_INVL">
<config key="Interval_0">
<entry key="LeftBound" type="xdouble" value="0.0"/>
<entry key="RightBound" type="xdouble" value="0.5"/>
<entry key="IncludeLeft" type="xboolean" value="true"/>
<entry key="IncludeRight" type="xboolean" value="true"/>
</config>
<config key="Interval_1">
<entry key="LeftBound" type="xdouble" value="0.5"/>
<entry key="RightBound" type="xdouble" value="2.5"/>
<entry key="IncludeLeft" type="xboolean" value="false"/>
<entry key="IncludeRight" type="xboolean" value="true"/>
</config>
<config key="Interval_2">
<entry key="LeftBound" type="xdouble" value="2.5"/>
<entry key="RightBound" type="xdouble" value="19.0"/>
<entry key="IncludeLeft" type="xboolean" value="false"/>
<entry key="IncludeRight" type="xboolean" value="true"/>
</config>
</config>
<config key="Scheme_LAND_USE">
<config key="Interval_0">
<entry key="LeftBound" type="xdouble" value="1.0"/>
<entry key="RightBound" type="xdouble" value="2.5"/>
<entry key="IncludeLeft" type="xboolean" value="true"/>
<entry key="IncludeRight" type="xboolean" value="true"/>
</config>
<config key="Interval_1">
<entry key="LeftBound" type="xdouble" value="2.5"/>
<entry key="RightBound" type="xdouble" value="5.5"/>
<entry key="IncludeLeft" type="xboolean" value="false"/>
<entry key="IncludeRight" type="xboolean" value="true"/>
</config>
<config key="Interval_2">
<entry key="LeftBound" type="xdouble" value="5.5"/>
<entry key="RightBound" type="xdouble" value="8.0"/>
<entry key="IncludeLeft" type="xboolean" value="false"/>
<entry key="IncludeRight" type="xboolean" value="true"/>
</config>
</config>
<config key="Scheme_MANCOL_I">
<config key="Interval_0">
<entry key="LeftBound" type="xdouble" value="0.0"/>
<entry key="RightBound" type="xdouble" value="1.5"/>
<entry key="IncludeLeft" type="xboolean" value="true"/>
<entry key="IncludeRight" type="xboolean" value="true"/>
</config>
<config key="Interval_1">
<entry key="LeftBound" type="xdouble" value="1.5"/>
<entry key="RightBound" type="xdouble" value="4.5"/>
<entry key="IncludeLeft" type="xboolean" value="false"/>
<entry key="IncludeRight" type="xboolean" value="true"/>
</config>
<config key="Interval_2">
<entry key="LeftBound" type="xdouble" value="4.5"/>
<entry key="RightBound" type="xdouble" value="6.0"/>
<entry key="IncludeLeft" type="xboolean" value="false"/>
<entry key="IncludeRight" type="xboolean" value="true"/>
</config>
</config>
<config key="Scheme_INT_HWY">
<config key="Interval_0">
<entry key="LeftBound" type="xdouble" value="0.0"/>
<entry key="RightBound" type="xdouble" value="0.5"/>
<entry key="IncludeLeft" type="xboolean" value="true"/>
<entry key="IncludeRight" type="xboolean" value="true"/>
</config>
<config key="Interval_1">
<entry key="LeftBound" type="xdouble" value="0.5"/>
<entry key="RightBound" type="xdouble" value="1.0"/>
<entry key="IncludeLeft" type="xboolean" value="false"/>
<entry key="IncludeRight" type="xboolean" value="true"/>
</config>
</config>
<config key="Scheme_REL_JCT">
<config key="Interval_0">
<entry key="LeftBound" type="xdouble" value="0.0"/>
<entry key="RightBound" type="xdouble" value="0.5"/>
<entry key="IncludeLeft" type="xboolean" value="true"/>
<entry key="IncludeRight" type="xboolean" value="true"/>
</config>
<config key="Interval_1">
<entry key="LeftBound" type="xdouble" value="0.5"/>
<entry key="RightBound" type="xdouble" value="1.5"/>
<entry key="IncludeLeft" type="xboolean" value="false"/>
<entry key="IncludeRight" type="xboolean" value="true"/>
</config>
<config key="Interval_2">
<entry key="LeftBound" type="xdouble" value="1.5"/>
<entry key="RightBound" type="xdouble" value="99.0"/>
<entry key="IncludeLeft" type="xboolean" value="false"/>
<entry key="IncludeRight" type="xboolean" value="true"/>
</config>
</config>
<config key="Scheme_REL_RWY">
<config key="Interval_0">
<entry key="LeftBound" type="xdouble" value="1.0"/>
<entry key="RightBound" type="xdouble" value="6.5"/>
<entry key="IncludeLeft" type="xboolean" value="true"/>
<entry key="IncludeRight" type="xboolean" value="true"/>
</config>
<config key="Interval_1">
<entry key="LeftBound" type="xdouble" value="6.5"/>
<entry key="RightBound" type="xdouble" value="7.5"/>
<entry key="IncludeLeft" type="xboolean" value="false"/>
<entry key="IncludeRight" type="xboolean" value="true"/>
</config>
<config key="Interval_2">
<entry key="LeftBound" type="xdouble" value="7.5"/>
<entry key="RightBound" type="xdouble" value="99.0"/>
<entry key="IncludeLeft" type="xboolean" value="false"/>
<entry key="IncludeRight" type="xboolean" value="true"/>
</config>
</config>
<config key="Scheme_TRAF_WAY">
<config key="Interval_0">
<entry key="LeftBound" type="xdouble" value="1.0"/>
<entry key="RightBound" type="xdouble" value="1.5"/>
<entry key="IncludeLeft" type="xboolean" value="true"/>
<entry key="IncludeRight" type="xboolean" value="true"/>
</config>
<config key="Interval_1">
<entry key="LeftBound" type="xdouble" value="1.5"/>
<entry key="RightBound" type="xdouble" value="2.5"/>
<entry key="IncludeLeft" type="xboolean" value="false"/>
<entry key="IncludeRight" type="xboolean" value="true"/>
</config>
<config key="Interval_2">
<entry key="LeftBound" type="xdouble" value="2.5"/>
<entry key="RightBound" type="xdouble" value="9.0"/>
<entry key="IncludeLeft" type="xboolean" value="false"/>
<entry key="IncludeRight" type="xboolean" value="true"/>
</config>
</config>
<config key="Scheme_NUM_LAN">
<config key="Interval_0">
<entry key="LeftBound" type="xdouble" value="1.0"/>
<entry key="RightBound" type="xdouble" value="2.5"/>
<entry key="IncludeLeft" type="xboolean" value="true"/>
<entry key="IncludeRight" type="xboolean" value="true"/>
</config>
<config key="Interval_1">
<entry key="LeftBound" type="xdouble" value="2.5"/>
<entry key="RightBound" type="xdouble" value="8.0"/>
<entry key="IncludeLeft" type="xboolean" value="false"/>
<entry key="IncludeRight" type="xboolean" value="true"/>
</config>
<config key="Interval_2">
<entry key="LeftBound" type="xdouble" value="8.0"/>
<entry key="RightBound" type="xdouble" value="9.0"/>
<entry key="IncludeLeft" type="xboolean" value="false"/>
<entry key="IncludeRight" type="xboolean" value="true"/>
</config>
</config>
<config key="Scheme_ALIGN_I">
<config key="Interval_0">
<entry key="LeftBound" type="xdouble" value="1.0"/>
<entry key="RightBound" type="xdouble" value="1.5"/>
<entry key="IncludeLeft" type="xboolean" value="true"/>
<entry key="IncludeRight" type="xboolean" value="true"/>
</config>
<config key="Interval_1">
<entry key="LeftBound" type="xdouble" value="1.5"/>
<entry key="RightBound" type="xdouble" value="2.0"/>
<entry key="IncludeLeft" type="xboolean" value="false"/>
<entry key="IncludeRight" type="xboolean" value="true"/>
</config>
</config>
<config key="Scheme_PROFIL_I">
<config key="Interval_0">
<entry key="LeftBound" type="xdouble" value="1.0"/>
<entry key="RightBound" type="xdouble" value="1.5"/>
<entry key="IncludeLeft" type="xboolean" value="true"/>
<entry key="IncludeRight" type="xboolean" value="true"/>
</config>
<config key="Interval_1">
<entry key="LeftBound" type="xdouble" value="1.5"/>
<entry key="RightBound" type="xdouble" value="2.5"/>
<entry key="IncludeLeft" type="xboolean" value="false"/>
<entry key="IncludeRight" type="xboolean" value="true"/>
</config>
<config key="Interval_2">
<entry key="LeftBound" type="xdouble" value="2.5"/>
<entry key="RightBound" type="xdouble" value="8.0"/>
<entry key="IncludeLeft" type="xboolean" value="false"/>
<entry key="IncludeRight" type="xboolean" value="true"/>
</config>
</config>
<config key="Scheme_SURCON_I">
<config key="Interval_0">
<entry key="LeftBound" type="xdouble" value="1.0"/>
<entry key="RightBound" type="xdouble" value="1.5"/>
<entry key="IncludeLeft" type="xboolean" value="true"/>
<entry key="IncludeRight" type="xboolean" value="true"/>
</config>
<config key="Interval_1">
<entry key="LeftBound" type="xdouble" value="1.5"/>
<entry key="RightBound" type="xdouble" value="4.5"/>
<entry key="IncludeLeft" type="xboolean" value="false"/>
<entry key="IncludeRight" type="xboolean" value="true"/>
</config>
<config key="Interval_2">
<entry key="LeftBound" type="xdouble" value="4.5"/>
<entry key="RightBound" type="xdouble" value="8.0"/>
<entry key="IncludeLeft" type="xboolean" value="false"/>
<entry key="IncludeRight" type="xboolean" value="true"/>
</config>
</config>
<config key="Scheme_TRFCON_I">
<config key="Interval_0">
<entry key="LeftBound" type="xdouble" value="0.0"/>
<entry key="RightBound" type="xdouble" value="0.5"/>
<entry key="IncludeLeft" type="xboolean" value="true"/>
<entry key="IncludeRight" type="xboolean" value="true"/>
</config>
<config key="Interval_1">
<entry key="LeftBound" type="xdouble" value="0.5"/>
<entry key="RightBound" type="xdouble" value="7.5"/>
<entry key="IncludeLeft" type="xboolean" value="false"/>
<entry key="IncludeRight" type="xboolean" value="true"/>
</config>
<config key="Interval_2">
<entry key="LeftBound" type="xdouble" value="7.5"/>
<entry key="RightBound" type="xdouble" value="62.0"/>
<entry key="IncludeLeft" type="xboolean" value="false"/>
<entry key="IncludeRight" type="xboolean" value="true"/>
</config>
</config>
<config key="Scheme_SPDLIM_H">
<config key="Interval_0">
<entry key="LeftBound" type="xdouble" value="0.0"/>
<entry key="RightBound" type="xdouble" value="27.5"/>
<entry key="IncludeLeft" type="xboolean" value="true"/>
<entry key="IncludeRight" type="xboolean" value="true"/>
</config>
<config key="Interval_1">
<entry key="LeftBound" type="xdouble" value="27.5"/>
<entry key="RightBound" type="xdouble" value="42.5"/>
<entry key="IncludeLeft" type="xboolean" value="false"/>
<entry key="IncludeRight" type="xboolean" value="true"/>
</config>
<config key="Interval_2">
<entry key="LeftBound" type="xdouble" value="42.5"/>
<entry key="RightBound" type="xdouble" value="75.0"/>
<entry key="IncludeLeft" type="xboolean" value="false"/>
<entry key="IncludeRight" type="xboolean" value="true"/>
</config>
</config>
<config key="Scheme_LGTCON_I">
<config key="Interval_0">
<entry key="LeftBound" type="xdouble" value="1.0"/>
<entry key="RightBound" type="xdouble" value="1.5"/>
<entry key="IncludeLeft" type="xboolean" value="true"/>
<entry key="IncludeRight" type="xboolean" value="true"/>
</config>
<config key="Interval_1">
<entry key="LeftBound" type="xdouble" value="1.5"/>
<entry key="RightBound" type="xdouble" value="2.5"/>
<entry key="IncludeLeft" type="xboolean" value="false"/>
<entry key="IncludeRight" type="xboolean" value="true"/>
</config>
<config key="Interval_2">
<entry key="LeftBound" type="xdouble" value="2.5"/>
<entry key="RightBound" type="xdouble" value="5.0"/>
<entry key="IncludeLeft" type="xboolean" value="false"/>
<entry key="IncludeRight" type="xboolean" value="true"/>
</config>
</config>
<config key="Scheme_WEATHR_I">
<config key="Interval_0">
<entry key="LeftBound" type="xdouble" value="1.0"/>
<entry key="RightBound" type="xdouble" value="1.5"/>
<entry key="IncludeLeft" type="xboolean" value="true"/>
<entry key="IncludeRight" type="xboolean" value="true"/>
</config>
<config key="Interval_1">
<entry key="LeftBound" type="xdouble" value="1.5"/>
<entry key="RightBound" type="xdouble" value="7.5"/>
<entry key="IncludeLeft" type="xboolean" value="false"/>
<entry key="IncludeRight" type="xboolean" value="true"/>
</config>
<config key="Interval_2">
<entry key="LeftBound" type="xdouble" value="7.5"/>
<entry key="RightBound" type="xdouble" value="8.0"/>
<entry key="IncludeLeft" type="xboolean" value="false"/>
<entry key="IncludeRight" type="xboolean" value="true"/>
</config>
</config>
<config key="Scheme_SCHL_BUS">
<config key="Interval_0">
<entry key="LeftBound" type="xdouble" value="0.0"/>
<entry key="RightBound" type="xdouble" value="0.5"/>
<entry key="IncludeLeft" type="xboolean" value="true"/>
<entry key="IncludeRight" type="xboolean" value="true"/>
</config>
<config key="Interval_1">
<entry key="LeftBound" type="xdouble" value="0.5"/>
<entry key="RightBound" type="xdouble" value="1.0"/>
<entry key="IncludeLeft" type="xboolean" value="false"/>
<entry key="IncludeRight" type="xboolean" value="true"/>
</config>
</config>
<config key="Scheme_PED_ACC">
<config key="Interval_0">
<entry key="LeftBound" type="xdouble" value="0.0"/>
<entry key="RightBound" type="xdouble" value="0.5"/>
<entry key="IncludeLeft" type="xboolean" value="true"/>
<entry key="IncludeRight" type="xboolean" value="true"/>
</config>
<config key="Interval_1">
<entry key="LeftBound" type="xdouble" value="0.5"/>
<entry key="RightBound" type="xdouble" value="865.0"/>
<entry key="IncludeLeft" type="xboolean" value="false"/>
<entry key="IncludeRight" type="xboolean" value="true"/>
</config>
<config key="Interval_2">
<entry key="LeftBound" type="xdouble" value="865.0"/>
<entry key="RightBound" type="xdouble" value="1890.0"/>
<entry key="IncludeLeft" type="xboolean" value="false"/>
<entry key="IncludeRight" type="xboolean" value="true"/>
</config>
</config>
<config key="Scheme_ALCHL_I">
<config key="Interval_0">
<entry key="LeftBound" type="xdouble" value="1.0"/>
<entry key="RightBound" type="xdouble" value="1.5"/>
<entry key="IncludeLeft" type="xboolean" value="true"/>
<entry key="IncludeRight" type="xboolean" value="true"/>
</config>
<config key="Interval_1">
<entry key="LeftBound" type="xdouble" value="1.5"/>
<entry key="RightBound" type="xdouble" value="5.0"/>
<entry key="IncludeLeft" type="xboolean" value="false"/>
<entry key="IncludeRight" type="xboolean" value="true"/>
</config>
<config key="Interval_2">
<entry key="LeftBound" type="xdouble" value="5.0"/>
<entry key="RightBound" type="xdouble" value="8.0"/>
<entry key="IncludeLeft" type="xboolean" value="false"/>
<entry key="IncludeRight" type="xboolean" value="true"/>
</config>
</config>
<config key="Scheme_REGION">
<config key="Interval_0">
<entry key="LeftBound" type="xdouble" value="1.0"/>
<entry key="RightBound" type="xdouble" value="1.5"/>
<entry key="IncludeLeft" type="xboolean" value="true"/>
<entry key="IncludeRight" type="xboolean" value="true"/>
</config>
<config key="Interval_1">
<entry key="LeftBound" type="xdouble" value="1.5"/>
<entry key="RightBound" type="xdouble" value="2.5"/>
<entry key="IncludeLeft" type="xboolean" value="false"/>
<entry key="IncludeRight" type="xboolean" value="true"/>
</config>
<config key="Interval_2">
<entry key="LeftBound" type="xdouble" value="2.5"/>
<entry key="RightBound" type="xdouble" value="4.0"/>
<entry key="IncludeLeft" type="xboolean" value="false"/>
<entry key="IncludeRight" type="xboolean" value="true"/>
</config>
</config>
<config key="Scheme_WRK_ZONE">
<config key="Interval_0">
<entry key="LeftBound" type="xdouble" value="0.0"/>
<entry key="RightBound" type="xdouble" value="0.5"/>
<entry key="IncludeLeft" type="xboolean" value="true"/>
<entry key="IncludeRight" type="xboolean" value="true"/>
</config>
<config key="Interval_1">
<entry key="LeftBound" type="xdouble" value="0.5"/>
<entry key="RightBound" type="xdouble" value="1.0"/>
<entry key="IncludeLeft" type="xboolean" value="false"/>
<entry key="IncludeRight" type="xboolean" value="true"/>
</config>
</config>
</config>
</config>
</config>
