
{
    "version": "4.2.2.v202009250802",
    "created": "2020-12-25 12:23",
    "nodestats": {
        "nodes": [
        ],
        "metaNodes": {
        },
        "wrappedNodes": {
        }
    },
    "uptime": 56092,
    "workflowsOpened": 0,
    "remoteWorkflowsOpened": 0,
    "workflowsImported": 0,
    "workflowsExported": 0,
    "launches": 2,
    "lastApplicationID": "org.knime.product.KNIME_APPLICATION",
    "timeSinceLastStart": 62322,
    "crashes": 0,
    "properlyShutDown": true
}