Source,Target,Type,Id,Label,Weight
1369,1369,Directed,648,,1.0
1369,251,Directed,561,,1.0
1507,1508,Directed,187,LAC,1.0
1508,1509,Directed,188,LAC,1.0
1484,254,Directed,712,SN3,1.0
1506,1105,Directed,8,C1,2.0
1506,1507,Directed,186,LAC,1.0
1105,1010,Directed,9,C1,2.0
1010,1011,Directed,10,C1,2.0
1011,1047,Directed,11,C1,2.0
115,116,Directed,563,SN1,5.0
116,117,Directed,564,SN1,5.0
1509,1518,Directed,479,S1,3.0
1509,1519,Directed,189,LAC,1.0
1509,242,Directed,616,SN1,4.0
198,197,Directed,777,SN4,2.0
197,192,Directed,778,SN4,2.0
194,191,Directed,989,U3,1.0
503,1485,Directed,506,S2,3.0
1485,563,Directed,507,S2,1.0
1485,508,Directed,532,S3,2.0
563,1245,Directed,508,S2,1.0
1245,1400,Directed,509,S2,1.0
508,342,Directed,533,S3,2.0
342,502,Directed,534,S3,1.0
342,1064,Directed,658,SN2,1.0
502,500,Directed,535,S3,1.0
500,498,Directed,536,S3,1.0
498,1468,Directed,537,S3,1.0
1468,558,Directed,538,S3,1.0
1064,470,Directed,659,SN2,1.0
1063,341,Directed,541,S3,2.0
341,507,Directed,542,S3,2.0
507,145,Directed,543,S3,2.0
11,1233,Directed,589,SN1,1.0
1233,9,Directed,590,SN1,1.0
9,72,Directed,591,SN1,1.0
72,71,Directed,592,SN1,1.0
71,70,Directed,593,SN1,1.0
70,69,Directed,594,SN1,1.0
69,68,Directed,595,SN1,1.0
68,67,Directed,596,SN1,1.0
67,66,Directed,597,SN1,1.0
66,18,Directed,598,SN1,1.0
18,19,Directed,599,SN1,1.0
19,64,Directed,600,SN1,1.0
64,63,Directed,601,SN1,1.0
63,62,Directed,602,SN1,1.0
62,61,Directed,603,SN1,1.0
61,60,Directed,604,SN1,1.0
1403,171,Directed,262,N4,2.0
171,444,Directed,263,N4,2.0
444,406,Directed,264,N4,2.0
1495,374,Directed,835,SN5,1.0
169,167,Directed,814,SN4,1.0
167,165,Directed,815,SN4,1.0
1439,1441,Directed,926,U1,1.0
1441,530,Directed,927,U1,1.0
441,530,Directed,697,SN3,1.0
436,1415,Directed,280,N5,1.0
436,1243,Directed,633,SN1,1.0
1415,479,Directed,281,N5,1.0
611,1243,Directed,828,SN5,1.0
1243,491,Directed,634,SN1,2.0
1119,1120,Directed,258,N4,1.0
1120,1414,Directed,259,N4,1.0
1445,326,Directed,550,SN1,2.0
505,407,Directed,955,U2,1.0
256,254,Directed,646,SN2,3.0
117,1518,Directed,565,SN1,4.0
117,95,Directed,851,SN5,1.0
1518,1510,Directed,191,LAC,1.0
1518,575,Directed,165,C7,4.0
1518,1509,Directed,1002,U3,1.0
1518,503,Directed,505,S2,3.0
1518,198,Directed,776,SN4,2.0
192,191,Directed,779,SN4,1.0
192,194,Directed,988,U3,1.0
191,188,Directed,780,SN4,2.0
558,470,Directed,539,S3,1.0
470,1063,Directed,540,S3,2.0
513,145,Directed,524,S2,1.0
145,1475,Directed,525,S2,3.0
188,184,Directed,781,SN4,2.0
184,186,Directed,782,SN4,2.0
186,352,Directed,783,SN4,2.0
352,626,Directed,784,SN4,2.0
626,185,Directed,785,SN4,2.0
185,187,Directed,786,SN4,2.0
187,190,Directed,787,SN4,2.0
190,589,Directed,788,SN4,2.0
589,196,Directed,789,SN4,1.0
589,1487,Directed,999,U3,1.0
196,467,Directed,790,SN4,1.0
1487,172,Directed,1000,U3,1.0
172,1518,Directed,1001,U3,1.0
467,466,Directed,791,SN4,1.0
466,451,Directed,792,SN4,1.0
1475,451,Directed,526,S2,3.0
451,1402,Directed,527,S2,4.0
139,567,Directed,151,C7,1.0
567,576,Directed,152,C7,1.0
60,576,Directed,605,SN1,1.0
576,580,Directed,153,C7,2.0
580,581,Directed,154,C7,2.0
581,577,Directed,155,C7,2.0
577,578,Directed,156,C7,2.0
578,579,Directed,157,C7,2.0
1113,1114,Directed,473,S0,1.0
1114,617,Directed,474,S0,1.0
617,618,Directed,475,S0,1.0
618,625,Directed,476,S0,1.0
625,305,Directed,477,S0,1.0
305,95,Directed,478,S0,1.0
95,624,Directed,428,S0,1.0
95,602,Directed,852,SN5,1.0
624,615,Directed,429,S0,1.0
615,616,Directed,430,S0,1.0
616,96,Directed,431,S0,1.0
96,97,Directed,432,S0,1.0
97,98,Directed,433,S0,1.0
98,99,Directed,434,S0,1.0
98,1394,Directed,521,S2,1.0
99,224,Directed,435,S0,1.0
1394,512,Directed,522,S2,1.0
512,513,Directed,523,S2,1.0
602,322,Directed,853,SN5,1.0
322,320,Directed,854,SN5,1.0
320,219,Directed,855,SN5,1.0
219,176,Directed,856,SN5,1.0
176,1496,Directed,857,SN5,1.0
1496,1497,Directed,858,SN5,1.0
1497,1498,Directed,859,SN5,1.0
1498,1499,Directed,860,SN5,1.0
1499,319,Directed,861,SN5,1.0
319,321,Directed,862,SN5,1.0
321,476,Directed,863,SN5,1.0
476,1519,Directed,864,SN5,1.0
1519,1518,Directed,190,LAC,1.0
1519,242,Directed,865,SN5,1.0
242,247,Directed,617,SN1,5.0
247,249,Directed,618,SN1,5.0
249,252,Directed,619,SN1,5.0
487,523,Directed,108,C5,1.0
523,525,Directed,109,C5,2.0
525,1471,Directed,110,C5,1.0
525,252,Directed,797,SN4,1.0
1471,1457,Directed,111,C5,1.0
1457,229,Directed,112,C5,1.0
229,460,Directed,113,C5,1.0
460,1443,Directed,114,C5,1.0
1443,1444,Directed,115,C5,1.0
1444,146,Directed,116,C5,1.0
146,1489,Directed,117,C5,1.0
1489,148,Directed,118,C5,1.0
148,228,Directed,119,C5,1.0
228,1470,Directed,120,C5,1.0
1470,522,Directed,121,C5,1.0
251,522,Directed,772,SN4,1.0
251,115,Directed,562,SN1,5.0
522,524,Directed,122,C5,2.0
253,1384,Directed,621,SN1,6.0
1384,252,Directed,1009,U3,1.0
1384,255,Directed,622,SN1,5.0
255,257,Directed,675,SN2,2.0
255,407,Directed,623,SN1,3.0
257,259,Directed,129,C6,3.0
259,261,Directed,130,C6,3.0
261,244,Directed,131,C6,3.0
244,1125,Directed,132,C6,1.0
244,245,Directed,679,SN2,2.0
1125,1126,Directed,133,C6,1.0
1126,1122,Directed,134,C6,1.0
1122,1472,Directed,135,C6,1.0
1472,1435,Directed,136,C6,1.0
1435,1480,Directed,137,C6,1.0
1480,1436,Directed,138,C6,1.0
1436,1473,Directed,139,C6,1.0
1473,407,Directed,140,C6,1.0
224,1220,Directed,436,S0,2.0
1220,100,Directed,437,S0,1.0
1220,560,Directed,515,S2,1.0
100,1455,Directed,438,S0,1.0
1455,1430,Directed,439,S0,1.0
1430,1431,Directed,440,S0,1.0
1431,1432,Directed,441,S0,1.0
1432,1433,Directed,442,S0,1.0
1433,1450,Directed,443,S0,1.0
378,628,Directed,489,S1,2.0
628,1388,Directed,490,S1,1.0
628,283,Directed,729,SN3,1.0
1388,283,Directed,491,S1,1.0
283,1387,Directed,492,S1,2.0
1387,627,Directed,493,S1,2.0
627,377,Directed,494,S1,2.0
377,238,Directed,495,S1,2.0
509,455,Directed,60,C3,2.0
455,456,Directed,61,C3,2.0
456,1361,Directed,62,C3,2.0
1361,1215,Directed,63,C3,2.0
1215,1003,Directed,64,C3,2.0
1003,1004,Directed,65,C3,1.0
1003,1035,Directed,99,C4,1.0
1004,1005,Directed,66,C3,1.0
1005,1006,Directed,67,C3,1.0
1006,1007,Directed,68,C3,1.0
1007,1247,Directed,69,C3,1.0
138,475,Directed,178,C7,1.0
195,406,Directed,241,N3,1.0
406,1516,Directed,242,N3,3.0
1479,374,Directed,146,C6,1.0
374,372,Directed,147,C6,2.0
245,1516,Directed,680,SN2,1.0
245,353,Directed,806,SN4,1.0
1516,1517,Directed,180,LAC,1.0
1516,183,Directed,243,N3,1.0
1516,405,Directed,681,SN2,1.0
1516,1405,Directed,266,N4,1.0
1516,246,Directed,641,SN2,1.0
1405,372,Directed,267,N4,1.0
372,373,Directed,124,C6,3.0
1408,1409,Directed,223,N1,2.0
1409,1501,Directed,199,N1,2.0
1515,1501,Directed,197,LAC,1.0
1501,1516,Directed,198,LAC,1.0
1501,461,Directed,200,N1,5.0
1501,174,Directed,271,N5,3.0
461,353,Directed,201,N1,2.0
461,405,Directed,226,N3,2.0
461,161,Directed,754,SN3,1.0
353,355,Directed,202,N1,3.0
161,163,Directed,755,SN3,1.0
163,164,Directed,756,SN3,2.0
164,166,Directed,757,SN3,2.0
166,168,Directed,758,SN3,2.0
168,1410,Directed,759,SN3,1.0
168,169,Directed,813,SN4,1.0
1410,1411,Directed,693,SN3,1.0
359,361,Directed,205,N1,1.0
359,1200,Directed,923,U1,1.0
361,363,Directed,206,N1,1.0
1200,605,Directed,924,U1,1.0
605,1439,Directed,925,U1,1.0
363,365,Directed,207,N1,1.0
365,368,Directed,208,N1,1.0
368,220,Directed,209,N1,1.0
220,1364,Directed,210,N1,1.0
165,530,Directed,816,SN4,1.0
530,531,Directed,698,SN3,3.0
1364,1365,Directed,211,N1,1.0
1365,367,Directed,212,N1,1.0
367,366,Directed,213,N1,1.0
366,364,Directed,214,N1,1.0
364,362,Directed,215,N1,1.0
362,360,Directed,216,N1,1.0
531,358,Directed,699,SN3,3.0
260,258,Directed,644,SN2,2.0
258,256,Directed,645,SN2,2.0
479,1416,Directed,282,N5,1.0
1416,218,Directed,283,N5,1.0
218,268,Directed,284,N5,1.0
268,270,Directed,285,N5,1.0
270,453,Directed,286,N5,1.0
453,454,Directed,287,N5,1.0
454,1386,Directed,288,N5,1.0
1386,452,Directed,289,N5,1.0
1418,1116,Directed,254,N4,1.0
1116,1417,Directed,255,N4,1.0
1417,1117,Directed,256,N4,1.0
1117,1119,Directed,257,N4,1.0
1108,1109,Directed,687,SN2,1.0
1109,1110,Directed,688,SN2,1.0
1110,1250,Directed,689,SN2,1.0
1250,1111,Directed,690,SN2,1.0
1111,1112,Directed,691,SN2,1.0
1112,382,Directed,692,SN2,1.0
491,382,Directed,635,SN1,2.0
554,326,Directed,912,U1,1.0
326,324,Directed,551,SN1,3.0
1339,1340,Directed,301,N5,2.0
1340,182,Directed,302,N5,2.0
324,182,Directed,552,SN1,2.0
324,1495,Directed,834,SN5,1.0
182,43,Directed,303,N5,3.0
182,376,Directed,553,SN1,1.0
373,1503,Directed,125,C6,1.0
373,1421,Directed,269,N4,1.0
373,300,Directed,838,SN5,1.0
300,1503,Directed,555,SN1,4.0
300,1486,Directed,426,N9,1.0
43,1421,Directed,304,N5,3.0
1421,1501,Directed,270,N4,4.0
264,376,Directed,424,N9,3.0
376,1503,Directed,951,U2,1.0
376,300,Directed,425,N9,3.0
549,1254,Directed,127,C6,5.0
549,1357,Directed,841,SN5,1.0
1254,257,Directed,128,C6,1.0
1254,643,Directed,558,SN1,3.0
1254,505,Directed,954,U2,1.0
1357,411,Directed,842,SN5,1.0
411,412,Directed,843,SN5,1.0
412,379,Directed,844,SN5,1.0
379,254,Directed,845,SN5,1.0
643,254,Directed,559,SN1,1.0
643,256,Directed,977,U3,1.0
643,1484,Directed,711,SN3,1.0
254,1369,Directed,560,,1.0
405,199,Directed,227,N3,1.0
405,443,Directed,249,N4,2.0
199,201,Directed,228,N3,1.0
443,170,Directed,250,N4,2.0
170,1453,Directed,251,N4,2.0
201,202,Directed,229,N3,1.0
202,399,Directed,230,N3,1.0
399,401,Directed,231,N3,1.0
401,233,Directed,232,N3,1.0
233,205,Directed,233,N3,1.0
205,277,Directed,234,N3,1.0
277,206,Directed,235,N3,1.0
206,234,Directed,236,N3,1.0
1411,607,Directed,694,SN3,1.0
607,400,Directed,695,SN3,1.0
548,1437,Directed,142,C6,2.0
548,1501,Directed,752,SN3,2.0
548,465,Directed,1012,U3,1.0
548,1481,Directed,957,U2,1.0
1437,463,Directed,143,C6,2.0
463,180,Directed,144,C6,2.0
180,1479,Directed,145,C6,1.0
180,129,Directed,628,SN1,1.0
129,323,Directed,629,SN1,1.0
323,555,Directed,630,SN1,2.0
323,325,Directed,878,SN5,1.0
325,375,Directed,879,SN5,1.0
174,175,Directed,272,N5,4.0
175,1337,Directed,273,N5,2.0
175,323,Directed,877,SN5,2.0
1337,1338,Directed,274,N5,2.0
1338,210,Directed,275,N5,2.0
210,1490,Directed,276,N5,1.0
210,534,Directed,322,N6,1.0
555,434,Directed,631,SN1,1.0
555,556,Directed,936,U1,1.0
490,1244,Directed,881,SN5,1.0
1244,1074,Directed,882,SN5,1.0
1074,214,Directed,883,SN5,1.0
214,216,Directed,884,SN5,1.0
216,272,Directed,885,SN5,1.0
272,271,Directed,886,SN5,1.0
271,541,Directed,887,SN5,1.0
541,539,Directed,888,SN5,1.0
539,631,Directed,889,SN5,1.0
631,429,Directed,890,SN5,1.0
511,429,Directed,347,N7,1.0
429,315,Directed,348,N7,2.0
1491,313,Directed,962,U3,1.0
318,1419,Directed,341,N7,2.0
318,477,Directed,896,SN5,1.0
1419,317,Directed,342,N7,2.0
477,462,Directed,897,SN5,1.0
462,317,Directed,817,SN5,1.0
317,609,Directed,343,N7,2.0
317,1491,Directed,1028,U3,1.0
609,427,Directed,344,N7,1.0
609,431,Directed,819,SN5,1.0
427,428,Directed,345,N7,1.0
428,511,Directed,346,N7,1.0
431,432,Directed,820,SN5,1.0
432,538,Directed,821,SN5,1.0
452,438,Directed,290,N5,1.0
438,269,Directed,291,N5,1.0
269,152,Directed,292,N5,1.0
152,1476,Directed,293,N5,1.0
1476,275,Directed,294,N5,1.0
275,1459,Directed,295,N5,1.0
1459,435,Directed,296,N5,1.0
435,433,Directed,297,N5,1.0
433,556,Directed,298,N5,1.0
556,211,Directed,299,N5,1.0
556,445,Directed,937,U1,1.0
552,280,Directed,1019,U3,1.0
280,308,Directed,1020,U3,1.0
308,1460,Directed,333,N7,1.0
308,310,Directed,906,U1,2.0
1460,1461,Directed,334,N7,1.0
1461,1462,Directed,335,N7,1.0
1462,1463,Directed,336,N7,1.0
1463,1464,Directed,337,N7,1.0
1464,314,Directed,338,N7,1.0
1047,1012,Directed,12,C1,2.0
1012,630,Directed,13,C1,1.0
1012,1013,Directed,42,C2,1.0
240,221,Directed,446,S0,3.0
221,237,Directed,447,S0,3.0
237,565,Directed,448,S0,3.0
565,179,Directed,449,S0,3.0
579,335,Directed,158,C7,2.0
335,574,Directed,159,C7,2.0
179,574,Directed,501,S1,2.0
179,334,Directed,450,S0,1.0
574,587,Directed,160,C7,4.0
524,1456,Directed,123,C5,1.0
524,1511,Directed,774,SN4,1.0
1456,1434,Directed,105,C5,1.0
1434,586,Directed,106,C5,1.0
586,487,Directed,107,C5,1.0
587,1510,Directed,161,C7,4.0
1510,1511,Directed,162,C7,2.0
1510,1518,Directed,164,C7,1.0
1510,1509,Directed,504,S1,3.0
1402,1511,Directed,794,SN4,1.0
1402,1509,Directed,528,S2,3.0
1511,523,Directed,795,SN4,1.0
1511,1510,Directed,163,C7,1.0
1511,1518,Directed,775,SN4,1.0
1511,1512,Directed,193,LAC,1.0
252,407,Directed,1010,U3,1.0
252,253,Directed,620,SN1,6.0
407,548,Directed,141,C6,6.0
1450,238,Directed,444,S0,1.0
238,240,Directed,445,S0,3.0
332,330,Directed,170,C7,3.0
330,328,Directed,171,C7,2.0
330,104,Directed,453,S0,1.0
328,339,Directed,172,C7,2.0
339,337,Directed,173,C7,2.0
104,108,Directed,454,S0,1.0
108,105,Directed,455,S0,1.0
105,106,Directed,456,S0,1.0
106,235,Directed,457,S0,1.0
32,334,Directed,168,C7,2.0
32,178,Directed,483,S1,2.0
334,332,Directed,169,C7,3.0
178,235,Directed,484,S1,2.0
235,222,Directed,458,S0,3.0
222,241,Directed,459,S0,3.0
241,239,Directed,460,S0,3.0
239,1426,Directed,461,S0,1.0
239,378,Directed,488,S1,2.0
1426,1427,Directed,462,S0,1.0
1427,1428,Directed,463,S0,1.0
1428,1429,Directed,464,S0,1.0
1429,1449,Directed,465,S0,1.0
1449,1454,Directed,466,S0,1.0
1454,1072,Directed,467,S0,1.0
1072,226,Directed,468,S0,1.0
560,226,Directed,516,S2,1.0
226,225,Directed,469,S0,2.0
225,1073,Directed,470,S0,1.0
225,442,Directed,518,S2,1.0
1073,107,Directed,471,S0,1.0
442,278,Directed,519,S2,1.0
278,98,Directed,520,S2,1.0
1400,107,Directed,510,S2,1.0
107,1113,Directed,472,S0,1.0
107,439,Directed,511,S2,1.0
439,408,Directed,512,S2,1.0
408,224,Directed,513,S2,1.0
1247,1216,Directed,70,C3,1.0
1216,1362,Directed,71,C3,1.0
1362,457,Directed,72,C3,1.0
457,544,Directed,73,C3,1.0
544,545,Directed,74,C3,1.0
545,546,Directed,75,C3,1.0
546,1371,Directed,76,C3,1.0
1371,1351,Directed,77,C3,2.0
1351,1352,Directed,78,C3,2.0
1352,1478,Directed,79,C3,2.0
1478,489,Directed,58,C3,2.0
489,509,Directed,59,C3,2.0
337,336,Directed,174,C7,2.0
336,136,Directed,175,C7,1.0
336,24,Directed,576,SN1,1.0
136,137,Directed,176,C7,1.0
137,138,Directed,177,C7,1.0
24,23,Directed,577,SN1,1.0
23,22,Directed,578,SN1,1.0
22,21,Directed,579,SN1,1.0
21,20,Directed,580,SN1,1.0
20,65,Directed,581,SN1,1.0
65,17,Directed,582,SN1,1.0
17,16,Directed,583,SN1,1.0
16,15,Directed,584,SN1,1.0
15,14,Directed,585,SN1,1.0
14,13,Directed,586,SN1,1.0
13,12,Directed,587,SN1,1.0
12,11,Directed,588,SN1,1.0
276,566,Directed,148,C7,1.0
276,475,Directed,102,C4,1.0
475,276,Directed,179,C7,1.0
475,140,Directed,103,C4,1.0
1035,566,Directed,100,C4,1.0
566,276,Directed,101,C4,1.0
566,140,Directed,149,C7,1.0
140,153,Directed,104,C4,1.0
140,139,Directed,150,C7,1.0
153,1039,Directed,80,C4,1.0
1039,1033,Directed,81,C4,1.0
1033,1032,Directed,82,C4,1.0
1032,1031,Directed,83,C4,1.0
1031,1482,Directed,84,C4,1.0
1482,1354,Directed,85,C4,1.0
1354,1355,Directed,86,C4,1.0
1355,1356,Directed,87,C4,1.0
1356,1371,Directed,88,C4,1.0
360,358,Directed,217,N1,1.0
358,356,Directed,218,N1,3.0
358,281,Directed,700,SN3,1.0
356,354,Directed,219,N1,3.0
354,183,Directed,220,N1,1.0
354,174,Directed,932,U1,1.0
354,246,Directed,764,SN4,1.0
246,262,Directed,642,SN2,2.0
262,260,Directed,643,SN2,2.0
355,357,Directed,203,N1,2.0
355,281,Directed,808,SN4,1.0
357,359,Directed,204,N1,2.0
281,282,Directed,701,SN3,1.0
281,163,Directed,809,SN4,1.0
282,162,Directed,702,SN3,1.0
162,160,Directed,703,SN3,1.0
160,183,Directed,704,SN3,1.0
183,1517,Directed,221,N1,3.0
1517,1502,Directed,181,LAC,1.0
1517,1408,Directed,222,N1,2.0
1517,300,Directed,706,SN3,1.0
1414,382,Directed,260,N4,1.0
382,1403,Directed,261,N4,2.0
382,1445,Directed,549,SN1,2.0
1502,1503,Directed,182,LAC,1.0
1503,549,Directed,126,C6,6.0
1503,1504,Directed,183,LAC,1.0
1504,1505,Directed,184,LAC,1.0
1505,1506,Directed,185,LAC,1.0
234,402,Directed,237,N3,1.0
402,400,Directed,238,N3,1.0
400,203,Directed,239,N3,1.0
400,441,Directed,696,SN3,1.0
203,195,Directed,240,N3,1.0
1453,375,Directed,252,N4,2.0
375,1418,Directed,253,N4,1.0
375,1108,Directed,686,SN2,1.0
375,490,Directed,880,SN5,1.0
446,1490,Directed,909,U1,1.0
1490,553,Directed,277,N5,2.0
553,434,Directed,278,N5,1.0
553,554,Directed,911,U1,1.0
434,436,Directed,279,N5,2.0
315,313,Directed,349,N7,2.0
313,314,Directed,893,SN5,1.0
313,311,Directed,350,N7,2.0
310,312,Directed,907,U1,2.0
312,314,Directed,1023,U3,1.0
312,446,Directed,908,U1,1.0
314,316,Directed,339,N7,3.0
316,318,Directed,340,N7,3.0
534,536,Directed,323,N6,1.0
536,538,Directed,324,N6,1.0
538,540,Directed,325,N6,2.0
540,273,Directed,326,N6,2.0
273,274,Directed,327,N6,2.0
274,217,Directed,328,N6,2.0
217,215,Directed,306,N6,2.0
215,1422,Directed,307,N6,1.0
215,611,Directed,827,SN5,1.0
1422,213,Directed,308,N6,1.0
213,1423,Directed,309,N6,1.0
1423,211,Directed,310,N6,1.0
211,1339,Directed,300,N5,2.0
445,311,Directed,938,U1,1.0
311,309,Directed,351,N7,3.0
309,307,Directed,352,N7,3.0
307,459,Directed,353,N7,1.0
307,279,Directed,941,U1,2.0
396,515,Directed,900,U1,2.0
515,381,Directed,901,U1,2.0
381,404,Directed,902,U1,2.0
404,291,Directed,903,U1,2.0
371,291,Directed,968,U3,1.0
291,458,Directed,904,U1,1.0
291,263,Directed,948,U2,2.0
459,263,Directed,354,N7,1.0
263,207,Directed,355,N7,2.0
263,264,Directed,423,N9,3.0
570,571,Directed,28,C2,3.0
571,1240,Directed,29,C2,1.0
571,572,Directed,396,N8,2.0
1240,1241,Directed,30,C2,1.0
1241,113,Directed,31,C2,1.0
113,1242,Directed,32,C2,1.0
1242,143,Directed,33,C2,1.0
207,143,Directed,356,N7,2.0
143,144,Directed,34,C2,3.0
572,458,Directed,331,N7,2.0
572,263,Directed,397,N8,2.0
572,290,Directed,1014,U3,1.0
458,308,Directed,332,N7,2.0
458,279,Directed,961,U2,1.0
279,551,Directed,898,U1,2.0
279,371,Directed,967,U3,1.0
551,396,Directed,899,U1,2.0
290,403,Directed,1015,U3,1.0
403,380,Directed,1016,U3,1.0
380,397,Directed,1017,U3,1.0
397,552,Directed,1018,U3,1.0
1013,1014,Directed,43,C2,1.0
1014,1015,Directed,44,C2,1.0
1015,1016,Directed,45,C2,1.0
1016,1136,Directed,46,C2,1.0
1136,1137,Directed,47,C2,1.0
1137,1046,Directed,48,C2,1.0
1046,1050,Directed,49,C2,1.0
1050,1051,Directed,50,C2,1.0
1051,1052,Directed,51,C2,1.0
1052,1053,Directed,52,C2,1.0
1053,1055,Directed,53,C2,1.0
1055,1056,Directed,54,C2,1.0
1056,1057,Directed,55,C2,1.0
1057,1036,Directed,56,C2,1.0
1036,1037,Directed,57,C2,1.0
1037,1017,Directed,19,C2,1.0
1017,1018,Directed,20,C2,1.0
1018,1019,Directed,21,C2,1.0
1019,1054,Directed,22,C2,1.0
1054,630,Directed,23,C2,1.0
630,1020,Directed,14,C1,1.0
630,1238,Directed,24,C2,1.0
1020,1021,Directed,15,C1,1.0
1238,1239,Directed,25,C2,1.0
1239,569,Directed,26,C2,1.0
1021,1022,Directed,16,C1,1.0
1022,1048,Directed,17,C1,1.0
1048,1023,Directed,18,C1,1.0
1023,1024,Directed,1,C1,1.0
1024,1025,Directed,2,C1,1.0
1025,1026,Directed,3,C1,1.0
1026,1353,Directed,4,C1,1.0
1353,1106,Directed,5,C1,1.0
1512,1513,Directed,194,LAC,1.0
144,1514,Directed,35,C2,3.0
1486,1481,Directed,427,N9,1.0
496,284,Directed,369,N8,1.0
284,1492,Directed,370,N8,1.0
1492,286,Directed,371,N8,1.0
286,1252,Directed,372,N8,1.0
1252,386,Directed,373,N8,1.0
386,388,Directed,374,N8,1.0
575,1513,Directed,166,C7,4.0
1513,1514,Directed,195,LAC,1.0
1513,32,Directed,167,C7,4.0
1106,1514,Directed,6,C1,1.0
1514,1506,Directed,7,C1,2.0
1514,1515,Directed,196,LAC,1.0
1514,465,Directed,329,N7,2.0
1481,465,Directed,402,N9,2.0
465,572,Directed,330,N7,3.0
465,343,Directed,360,N8,2.0
343,344,Directed,361,N8,2.0
344,1385,Directed,362,N8,2.0
1385,346,Directed,363,N8,2.0
346,348,Directed,364,N8,2.0
348,350,Directed,365,N8,2.0
350,425,Directed,366,N8,2.0
425,1251,Directed,367,N8,2.0
1251,496,Directed,368,N8,1.0
1251,266,Directed,411,N9,1.0
266,265,Directed,412,N9,1.0
265,495,Directed,413,N9,1.0
495,1420,Directed,414,N9,1.0
1420,493,Directed,415,N9,1.0
388,390,Directed,375,N8,1.0
390,392,Directed,376,N8,1.0
392,394,Directed,377,N8,1.0
394,1494,Directed,378,N8,1.0
1494,385,Directed,379,N8,1.0
385,395,Directed,380,N8,1.0
395,393,Directed,381,N8,1.0
393,391,Directed,382,N8,1.0
391,389,Directed,383,N8,1.0
389,387,Directed,384,N8,1.0
387,289,Directed,385,N8,1.0
289,288,Directed,386,N8,1.0
288,1493,Directed,387,N8,1.0
1493,285,Directed,388,N8,1.0
285,1253,Directed,389,N8,1.0
1253,493,Directed,390,N8,1.0
493,426,Directed,391,N8,2.0
426,568,Directed,392,N8,2.0
568,569,Directed,393,N8,2.0
569,570,Directed,27,C2,3.0
