
{
    "version": "4.3.0.v202012022156",
    "created": "2020-12-25 20:26",
    "nodestats": {
        "nodes": [
            {
                "id": "org.knime.base.node.io.filereader.FileReaderNodeFactory#File Reader",
                "nrexecs": 21,
                "nrfails": 2,
                "exectime": 788,
                "nrcreated": 1,
                "successor": "org.knime.base.node.meta.xvalidation.XValidatePartitionerFactory#X-Partitioner"
            },
            {
                "id": "org.knime.base.node.preproc.partition.PartitionNodeFactory#Partitioning",
                "nrexecs": 34,
                "nrfails": 0,
                "exectime": 281,
                "nrcreated": 1,
                "successor": "org.knime.distmatrix.knn.KnnDistNodeFactory2#K Nearest Neighbor (Distance Function)"
            },
            {
                "id": "org.knime.base.node.mine.decisiontree2.learner2.DecisionTreeLearnerNodeFactory3#Decision Tree Learner",
                "nrexecs": 72,
                "nrfails": 0,
                "exectime": 2093,
                "nrcreated": 1,
                "successor": "org.knime.base.node.mine.decisiontree2.predictor2.DecTreePredictorNodeFactory#Decision Tree Predictor"
            },
            {
                "id": "org.knime.base.node.mine.decisiontree2.predictor2.DecTreePredictorNodeFactory#Decision Tree Predictor",
                "nrexecs": 73,
                "nrfails": 0,
                "exectime": 2484,
                "nrcreated": 1,
                "successor": "org.knime.base.node.mine.scorer.accuracy.AccuracyScorer2NodeFactory#Scorer"
            },
            {
                "id": "org.knime.base.node.mine.scorer.accuracy.AccuracyScorer2NodeFactory#Scorer",
                "nrexecs": 195,
                "nrfails": 0,
                "exectime": 473,
                "nrcreated": 10,
                "successor": "n/a"
            },
            {
                "id": "org.knime.base.node.mine.neural.rprop.RPropNodeFactory2#RProp MLP Learner",
                "nrexecs": 15,
                "nrfails": 0,
                "exectime": 2849,
                "nrcreated": 2,
                "successor": "org.knime.base.node.mine.neural.mlp2.MLPPredictorNodeFactory#MultiLayerPerceptron Predictor"
            },
            {
                "id": "org.knime.base.node.mine.neural.mlp2.MLPPredictorNodeFactory#MultiLayerPerceptron Predictor",
                "nrexecs": 16,
                "nrfails": 0,
                "exectime": 398,
                "nrcreated": 3,
                "successor": "org.knime.base.node.mine.scorer.accuracy.AccuracyScorer2NodeFactory#Scorer"
            },
            {
                "id": "org.knime.base.node.preproc.normalize3.Normalizer3NodeFactory#Normalizer",
                "nrexecs": 16,
                "nrfails": 0,
                "exectime": 297,
                "nrcreated": 2,
                "successor": "org.knime.base.node.meta.xvalidation.XValidatePartitionerFactory#X-Partitioner"
            },
            {
                "id": "org.knime.base.node.preproc.normalize.NormalizerDeNodeFactory#Denormalizer",
                "nrexecs": 1,
                "nrfails": 0,
                "exectime": 7,
                "nrcreated": 2,
                "successor": "org.knime.base.node.mine.scorer.accuracy.AccuracyScorer2NodeFactory#Scorer"
            },
            {
                "id": "org.knime.base.node.mine.scorer.numeric2.NumericScorer2NodeFactory#Numeric Scorer",
                "nrexecs": 6,
                "nrfails": 0,
                "exectime": 35,
                "nrcreated": 2,
                "successor": "n/a"
            },
            {
                "id": "org.knime.base.node.mine.scorer.entrop.NewEntropyNodeFactory#Entropy Scorer",
                "nrexecs": 0,
                "nrfails": 0,
                "exectime": 0,
                "nrcreated": 1,
                "successor": "n/a"
            },
            {
                "id": "org.knime.base.node.mine.bayes.naivebayes.learner3.NaiveBayesLearnerNodeFactory4#Naive Bayes Learner",
                "nrexecs": 31,
                "nrfails": 0,
                "exectime": 519,
                "nrcreated": 1,
                "successor": "org.knime.base.node.mine.bayes.naivebayes.predictor4.NaiveBayesPredictorNodeFactory3#Naive Bayes Predictor"
            },
            {
                "id": "org.knime.base.node.mine.bayes.naivebayes.predictor4.NaiveBayesPredictorNodeFactory3#Naive Bayes Predictor",
                "nrexecs": 32,
                "nrfails": 0,
                "exectime": 847,
                "nrcreated": 1,
                "successor": "org.knime.base.node.mine.scorer.accuracy.AccuracyScorer2NodeFactory#Scorer"
            },
            {
                "id": "org.knime.base.node.preproc.colconvert.numbertostring2.NumberToString2NodeFactory#Number To String",
                "nrexecs": 23,
                "nrfails": 0,
                "exectime": 104,
                "nrcreated": 2,
                "successor": "org.knime.base.node.preproc.partition.PartitionNodeFactory#Partitioning"
            },
            {
                "id": "org.knime.base.node.mine.svm.learner.SVMLearnerNodeFactory2#SVM Learner",
                "nrexecs": 305,
                "nrfails": 3,
                "exectime": 142765,
                "nrcreated": 3,
                "successor": "org.knime.base.node.mine.svm.predictor2.SVMPredictorNodeFactory#SVM Predictor"
            },
            {
                "id": "org.knime.base.node.mine.svm.predictor2.SVMPredictorNodeFactory#SVM Predictor",
                "nrexecs": 305,
                "nrfails": 0,
                "exectime": 6420,
                "nrcreated": 2,
                "successor": "org.knime.base.node.meta.xvalidation.AggregateOutputNodeFactory#X-Aggregator"
            },
            {
                "id": "org.knime.database.node.manipulation.sampling.partition.DBPartitionNodeFactory#DB Partitioning",
                "nrexecs": 0,
                "nrfails": 0,
                "exectime": 0,
                "nrcreated": 1,
                "successor": "n/a"
            },
            {
                "id": "org.knime.base.node.meta.xvalidation.XValidatePartitionerFactory#X-Partitioner",
                "nrexecs": 684,
                "nrfails": 0,
                "exectime": 2017,
                "nrcreated": 3,
                "successor": "org.knime.base.node.mine.treeensemble2.node.gradientboosting.learner.classification.GradientBoostingClassificationLearnerNodeFactory2#Gradient Boosted Trees Learner"
            },
            {
                "id": "org.knime.base.node.mine.knn.KnnNodeFactory2#K Nearest Neighbor",
                "nrexecs": 1,
                "nrfails": 0,
                "exectime": 29,
                "nrcreated": 2,
                "successor": "org.knime.base.node.mine.scorer.accuracy.AccuracyScorer2NodeFactory#Scorer"
            },
            {
                "id": "org.knime.distmatrix.knn.KnnDistNodeFactory2#K Nearest Neighbor (Distance Function)",
                "nrexecs": 14,
                "nrfails": 0,
                "exectime": 2492,
                "nrcreated": 1,
                "successor": "org.knime.base.node.meta.xvalidation.AggregateOutputNodeFactory#X-Aggregator"
            },
            {
                "id": "org.knime.distance.measure.mahalanobis.MahalanobisDistanceNodeFactory#Mahalanobis Distance",
                "nrexecs": 14,
                "nrfails": 1,
                "exectime": 109,
                "nrcreated": 1,
                "successor": "org.knime.distmatrix.knn.KnnDistNodeFactory2#K Nearest Neighbor (Distance Function)"
            },
            {
                "id": "org.knime.base.node.meta.xvalidation.AggregateOutputNodeFactory#X-Aggregator",
                "nrexecs": 673,
                "nrfails": 4,
                "exectime": 439,
                "nrcreated": 1,
                "successor": "org.knime.base.node.preproc.joiner.Joiner2NodeFactory#Joiner"
            },
            {
                "id": "org.knime.ext.weka37.classifier.WekaClassifierNodeFactory#A1DE (3.7)",
                "nrexecs": 0,
                "nrfails": 0,
                "exectime": 0,
                "nrcreated": 1,
                "successor": "n/a"
            },
            {
                "id": "org.knime.ext.weka37.classifier.WekaClassifierNodeFactory#BayesianLogisticRegression (3.7)",
                "nrexecs": 0,
                "nrfails": 2,
                "exectime": 25,
                "nrcreated": 1,
                "successor": "org.knime.ext.weka37.predictor3.WekaPredictorNodeFactory#Weka Predictor (3.7)"
            },
            {
                "id": "org.knime.base.node.mine.bfn.radial.RadialBasisFunctionPredictor2NodeFactory#PNN Predictor",
                "nrexecs": 0,
                "nrfails": 0,
                "exectime": 0,
                "nrcreated": 1,
                "successor": "n/a"
            },
            {
                "id": "org.knime.ext.weka37.predictor3.WekaPredictorNodeFactory#Weka Predictor (3.7)",
                "nrexecs": 155,
                "nrfails": 0,
                "exectime": 109848,
                "nrcreated": 2,
                "successor": "org.knime.base.node.mine.scorer.accuracy.AccuracyScorer2NodeFactory#Scorer"
            },
            {
                "id": "org.knime.ext.weka37.classifier.WekaClassifierNodeFactory#GaussianProcesses (3.7)",
                "nrexecs": 40,
                "nrfails": 3,
                "exectime": 533,
                "nrcreated": 2,
                "successor": "org.knime.ext.weka37.predictor3.WekaPredictorNodeFactory#Weka Predictor (3.7)"
            },
            {
                "id": "org.knime.ext.weka37.classifier.WekaClassifierNodeFactory#KStar (3.7)",
                "nrexecs": 85,
                "nrfails": 0,
                "exectime": 449,
                "nrcreated": 1,
                "successor": "org.knime.ext.weka37.predictor3.WekaPredictorNodeFactory#Weka Predictor (3.7)"
            },
            {
                "id": "org.knime.ext.weka37.classifier.WekaClassifierNodeFactory#RBFClassifier (3.7)",
                "nrexecs": 10,
                "nrfails": 0,
                "exectime": 768,
                "nrcreated": 1,
                "successor": "org.knime.ext.weka37.predictor3.WekaPredictorNodeFactory#Weka Predictor (3.7)"
            },
            {
                "id": "org.knime.js.base.node.viz.plotter.roc.ROCCurveNodeFactory#ROC Curve",
                "nrexecs": 56,
                "nrfails": 6,
                "exectime": 148600,
                "nrcreated": 4,
                "successor": "n/a"
            },
            {
                "id": "org.knime.base.node.preproc.joiner.Joiner2NodeFactory#Joiner",
                "nrexecs": 82,
                "nrfails": 0,
                "exectime": 2208,
                "nrcreated": 1,
                "successor": "org.knime.base.node.preproc.colconvert.stringtonumber2.StringToNumber2NodeFactory#String To Number"
            },
            {
                "id": "org.knime.base.node.preproc.filter.missingvaluecolfilter.MissingValueColumnFilterNodeFactory#Missing Value Column Filter",
                "nrexecs": 0,
                "nrfails": 0,
                "exectime": 0,
                "nrcreated": 1,
                "successor": "n/a"
            },
            {
                "id": "org.knime.base.node.preproc.pmml.missingval.compute.MissingValueHandlerNodeFactory#Missing Value",
                "nrexecs": 39,
                "nrfails": 0,
                "exectime": 5994,
                "nrcreated": 3,
                "successor": "org.knime.js.base.node.viz.plotter.roc.ROCCurveNodeFactory#ROC Curve"
            },
            {
                "id": "org.knime.base.node.stats.testing.ttest.TwoSampleTTestNodeFactory#Independent groups t-test",
                "nrexecs": 0,
                "nrfails": 1,
                "exectime": 40,
                "nrcreated": 1,
                "successor": "n/a"
            },
            {
                "id": "org.knime.ext.sun.nodes.script.JavaScriptingNodeFactory#Java Snippet (simple)",
                "nrexecs": 0,
                "nrfails": 0,
                "exectime": 0,
                "nrcreated": 1,
                "successor": "org.knime.base.node.preproc.filter.column.DataColumnSpecFilterNodeFactory#Column Filter"
            },
            {
                "id": "org.knime.base.node.preproc.filter.column.DataColumnSpecFilterNodeFactory#Column Filter",
                "nrexecs": 3,
                "nrfails": 0,
                "exectime": 1,
                "nrcreated": 2,
                "successor": "org.knime.base.node.mine.cluster.assign.ClusterAssignerNodeFactory#Cluster Assigner"
            },
            {
                "id": "org.knime.base.node.preproc.append.row.AppendedRowsNodeFactory#Concatenate",
                "nrexecs": 0,
                "nrfails": 0,
                "exectime": 0,
                "nrcreated": 1,
                "successor": "org.knime.base.node.stats.testing.ttest.TwoSampleTTestNodeFactory#Independent groups t-test"
            },
            {
                "id": "org.knime.base.node.stats.testing.wilcoxonmannwhitney.WilcoxonMannWhitneyNodeFactory#Wilcoxon-Mann-Whitney Test",
                "nrexecs": 0,
                "nrfails": 0,
                "exectime": 0,
                "nrcreated": 1,
                "successor": "n/a"
            },
            {
                "id": "org.knime.ext.poi3.node.io.filehandling.excel.reader.ExcelTableReaderNodeFactory#Excel Reader",
                "nrexecs": 1,
                "nrfails": 0,
                "exectime": 63,
                "nrcreated": 1,
                "successor": "org.knime.base.node.preproc.normalize3.Normalizer3NodeFactory#Normalizer"
            },
            {
                "id": "org.knime.base.node.preproc.colconvert.stringtonumber2.StringToNumber2NodeFactory#String To Number",
                "nrexecs": 29,
                "nrfails": 0,
                "exectime": 424,
                "nrcreated": 1,
                "successor": "org.knime.base.node.preproc.colconvert.stringtonumber2.StringToNumber2NodeFactory#String To Number"
            },
            {
                "id": "org.knime.ext.weka37.classifier.WekaClassifierNodeFactory#SimpleLinearRegression (3.7)",
                "nrexecs": 0,
                "nrfails": 1,
                "exectime": 4,
                "nrcreated": 1,
                "successor": "org.knime.ext.weka37.predictor3.WekaPredictorNodeFactory#Weka Predictor (3.7)"
            },
            {
                "id": "org.knime.ext.weka37.classifier.WekaClassifierNodeFactory#LBR (3.7)",
                "nrexecs": 0,
                "nrfails": 0,
                "exectime": 0,
                "nrcreated": 1,
                "successor": "org.knime.ext.weka37.predictor3.WekaPredictorNodeFactory#Weka Predictor (3.7)"
            },
            {
                "id": "org.knime.ext.weka37.classifier.WekaClassifierNodeFactory#AdditiveRegression (3.7)",
                "nrexecs": 0,
                "nrfails": 1,
                "exectime": 10,
                "nrcreated": 1,
                "successor": "org.knime.ext.weka37.predictor3.WekaPredictorNodeFactory#Weka Predictor (3.7)"
            },
            {
                "id": "org.knime.ext.weka37.classifier.WekaClassifierNodeFactory#IB1 (3.7)",
                "nrexecs": 20,
                "nrfails": 0,
                "exectime": 108,
                "nrcreated": 1,
                "successor": "org.knime.ext.weka37.predictor3.WekaPredictorNodeFactory#Weka Predictor (3.7)"
            },
            {
                "id": "org.knime.base.node.mine.cluster.assign.ClusterAssignerNodeFactory#Cluster Assigner",
                "nrexecs": 5,
                "nrfails": 0,
                "exectime": 48,
                "nrcreated": 1,
                "successor": "org.knime.base.node.viz.property.color.ColorManager2NodeFactory#Color Manager"
            },
            {
                "id": "org.knime.base.node.mine.cluster.kmeans.ClusterNodeFactory2#k-Means",
                "nrexecs": 5,
                "nrfails": 0,
                "exectime": 122,
                "nrcreated": 1,
                "successor": "org.knime.base.node.mine.cluster.assign.ClusterAssignerNodeFactory#Cluster Assigner"
            },
            {
                "id": "org.knime.base.node.viz.property.color.ColorManager2NodeFactory#Color Manager",
                "nrexecs": 2,
                "nrfails": 0,
                "exectime": 2,
                "nrcreated": 1,
                "successor": "n/a"
            },
            {
                "id": "org.knime.base.node.mine.treeensemble2.node.regressiontree.learner.RegressionTreeLearnerNodeFactory#Simple Regression Tree Learner",
                "nrexecs": 0,
                "nrfails": 0,
                "exectime": 0,
                "nrcreated": 1,
                "successor": "n/a"
            },
            {
                "id": "org.knime.base.node.mine.regression.predict3.RegressionPredictorNodeFactory2#Regression Predictor",
                "nrexecs": 0,
                "nrfails": 0,
                "exectime": 0,
                "nrcreated": 1,
                "successor": "n/a"
            },
            {
                "id": "org.knime.base.node.mine.regression.logistic.predictor.LogisticRegressionPredictorNodeFactory#Logistic Regression Predictor",
                "nrexecs": 0,
                "nrfails": 0,
                "exectime": 0,
                "nrcreated": 1,
                "successor": "n/a"
            },
            {
                "id": "org.knime.base.node.mine.treeensemble2.node.randomforest.learner.regression.RandomForestRegressionLearnerNodeFactory#Random Forest Learner (Regression)",
                "nrexecs": 0,
                "nrfails": 0,
                "exectime": 0,
                "nrcreated": 1,
                "successor": "org.knime.base.node.mine.treeensemble2.node.randomforest.predictor.regression.RandomForestRegressionPredictorNodeFactory#Random Forest Predictor (Regression)"
            },
            {
                "id": "org.knime.base.node.mine.treeensemble2.node.randomforest.predictor.regression.RandomForestRegressionPredictorNodeFactory#Random Forest Predictor (Regression)",
                "nrexecs": 0,
                "nrfails": 0,
                "exectime": 0,
                "nrcreated": 1,
                "successor": "org.knime.base.node.meta.xvalidation.AggregateOutputNodeFactory#X-Aggregator"
            },
            {
                "id": "org.knime.base.node.mine.regression.linear2.learner.LinReg2LearnerNodeFactory2#Linear Regression Learner",
                "nrexecs": 0,
                "nrfails": 0,
                "exectime": 0,
                "nrcreated": 1,
                "successor": "n/a"
            },
            {
                "id": "org.knime.base.node.mine.treeensemble2.node.gradientboosting.learner.classification.GradientBoostingClassificationLearnerNodeFactory2#Gradient Boosted Trees Learner",
                "nrexecs": 111,
                "nrfails": 0,
                "exectime": 19244,
                "nrcreated": 1,
                "successor": "org.knime.base.node.mine.treeensemble2.node.gradientboosting.predictor.classification.GradientBoostingClassificationPredictorNodeFactory3#Gradient Boosted Trees Predictor"
            },
            {
                "id": "org.knime.base.node.mine.treeensemble2.node.gradientboosting.predictor.classification.GradientBoostingClassificationPredictorNodeFactory3#Gradient Boosted Trees Predictor",
                "nrexecs": 111,
                "nrfails": 0,
                "exectime": 1647,
                "nrcreated": 2,
                "successor": "org.knime.base.node.mine.scorer.accuracy.AccuracyScorer2NodeFactory#Scorer"
            },
            {
                "id": "org.knime.base.node.stats.testing.ttest.OneSampleTTestNodeFactory#Single sample t-test",
                "nrexecs": 1,
                "nrfails": 0,
                "exectime": 57,
                "nrcreated": 1,
                "successor": "n/a"
            }
        ],
        "metaNodes": {
        },
        "wrappedNodes": {
        }
    },
    "uptime": 17121174,
    "workflowsOpened": 0,
    "remoteWorkflowsOpened": 0,
    "workflowsImported": 0,
    "workflowsExported": 0,
    "launches": 13,
    "lastApplicationID": "org.knime.product.KNIME_APPLICATION",
    "timeSinceLastStart": 2087622,
    "crashes": 0,
    "properlyShutDown": true
}